Rk,Player,Nation,Pos,Squad,Age,Born,90s,Gls,Sh,SoT,SoT%,Sh/90,SoT/90,G/Sh,G/SoT,Dist,FK,PK,PKatt,xG,npxG,npxG/Sh,G-xG,np:G-xG,Matches,-9999
1,Brenden Aaronson,us USA,MFFW,Leeds United,22-158,2000,21.6,1,35,6,17.1,1.62,0.28,0.03,0.17,19.1,2,0,0,2.9,2.9,0.08,-1.9,-1.9,Matches,5bc43860
2,Che Adams,sct SCO,FW,Southampton,26-259,1996,20.8,5,42,14,33.3,2.02,0.67,0.12,0.36,13.9,0,0,0,5.9,5.9,0.14,-0.9,-0.9,Matches,f2bf1b0f
3,Tyler Adams,us USA,MF,Leeds United,24-043,1999,24.0,0,4,0,0.0,0.17,0.00,0.00,,27.5,0,0,0,0.1,0.1,0.03,-0.1,-0.1,Matches,2b09d998
4,Tosin Adarabioyo,eng ENG,DF,Fulham,25-186,1997,13.2,1,5,3,60.0,0.38,0.23,0.20,0.33,15.2,0,0,0,0.2,0.2,0.04,+0.8,+0.8,Matches,c81d773d
5,Nayef Aguerd,ma MAR,DF,West Ham,26-364,1996,9.7,0,6,0,0.0,0.62,0.00,0.00,,8.9,0,0,0,1.2,1.2,0.20,-1.2,-1.2,Matches,288e1e13
6,Naouirou Ahamada,fr FRA,MFFW,Crystal Palace,21-000,2002,1.0,0,3,0,0.0,2.90,0.00,0.00,,15.9,0,0,0,0.2,0.2,0.05,-0.2,-0.2,Matches,a6c58494
7,Rayan Aït Nouri,dz ALG,DF,Wolves,21-296,2001,11.5,1,10,5,50.0,0.87,0.44,0.10,0.20,14.1,0,0,0,0.7,0.7,0.07,+0.3,+0.3,Matches,9b398aea
8,Kristoffer Ajer,no NOR,DF,Brentford,24-346,1998,8.5,0,1,0,0.0,0.12,0.00,0.00,,6.0,0,0,0,0.0,0.0,0.04,0.0,0.0,Matches,a8c0acb7
9,Manuel Akanji,ch SUI,DF,Manchester City,27-253,1995,18.1,0,13,2,15.4,0.72,0.11,0.00,0.00,16.8,0,0,0,1.2,1.2,0.09,-1.2,-1.2,Matches,89ac64a6
10,Nathan Aké,nl NED,DF,Manchester City,28-039,1995,16.8,0,7,1,14.3,0.42,0.06,0.00,0.00,11.4,0,0,0,1.0,1.0,0.14,-1.0,-1.0,Matches,eaeca114
11,Marc Albrighton,eng ENG,FWMF,Leicester City,33-131,1989,2.6,1,2,1,50.0,0.76,0.38,0.50,1.00,8.0,0,0,0,0.3,0.3,0.17,+0.7,+0.7,Matches,b827d5b3
12,Thiago Alcántara,es ESP,MF,Liverpool,31-352,1991,12.8,0,9,1,11.1,0.70,0.08,0.00,0.00,25.2,0,0,0,0.4,0.4,0.05,-0.4,-0.4,Matches,77e84962
13,Carlos Alcaraz,ar ARG,MF,Southampton,20-119,2002,3.6,2,11,3,27.3,3.03,0.83,0.18,0.67,21.4,0,0,0,0.6,0.6,0.06,+1.4,+1.4,Matches,4abac767
14,Trent Alexander-Arnold,eng ENG,DF,Liverpool,24-173,1998,21.5,1,25,4,16.0,1.16,0.19,0.04,0.25,22.3,4,0,0,1.7,1.7,0.07,-0.7,-0.7,Matches,cd1acf9d
15,Alisson,br BRA,GK,Liverpool,30-178,1992,26.0,0,0,0,,0.00,0.00,,,,0,0,0,0.0,0.0,,0.0,0.0,Matches,7a2e46a8
16,Dele Alli,eng ENG,MF,Everton,26-352,1996,0.4,0,0,0,,0.00,0.00,,,,0,0,0,0.0,0.0,,0.0,0.0,Matches,cea4ee8f
17,Miguel Almirón,py PAR,FW,Newcastle Utd,29-047,1994,22.0,11,50,17,34.0,2.28,0.77,0.22,0.65,16.7,0,0,0,6.1,6.1,0.12,+4.9,+4.9,Matches,862a1c15
18,Julián Álvarez,ar ARG,FWMF,Manchester City,23-057,2000,8.3,5,27,11,40.7,3.24,1.32,0.19,0.45,14.8,0,0,0,3.6,3.6,0.13,+1.4,+1.4,Matches,15ab5a2b
19,Daniel Amartey,gh GHA,DF,Leicester City,28-098,1994,16.9,0,5,2,40.0,0.30,0.12,0.00,0.00,18.0,0,0,0,1.0,1.0,0.21,-1.0,-1.0,Matches,1a4ef233
20,Joachim Andersen,dk DEN,DF,Crystal Palace,26-302,1996,21.4,1,15,7,46.7,0.70,0.33,0.07,0.14,10.7,0,0,0,1.4,1.4,0.09,-0.4,-0.4,Matches,e34fc66d
21,Elliot Anderson,sct SCO,FWMF,Newcastle Utd,20-143,2002,2.1,0,6,2,33.3,2.87,0.96,0.00,0.00,12.9,0,0,0,0.7,0.7,0.11,-0.7,-0.7,Matches,de31038e
22,Jaidon Anthony,eng ENG,MFFW,Bournemouth,23-118,1999,11.2,3,19,10,52.6,1.70,0.90,0.16,0.30,19.3,2,0,0,2.0,2.0,0.11,+1.0,+1.0,Matches,e4238fb1
23,Michail Antonio,jm JAM,FW,West Ham,33-001,1990,12.5,3,25,9,36.0,1.99,0.72,0.12,0.33,13.4,0,0,0,3.4,3.4,0.14,-0.4,-0.4,Matches,ac05f970
24,Antony,br BRA,FWMF,Manchester Utd,23-033,2000,11.9,3,36,16,44.4,3.03,1.34,0.08,0.19,20.7,0,0,0,2.8,2.8,0.08,+0.2,+0.2,Matches,99127249
25,Cameron Archer,eng ENG,FWMF,Aston Villa,21-251,2001,0.5,0,0,0,,0.00,0.00,,,,0,0,0,0.0,0.0,,0.0,0.0,Matches,05e8ca6d
26,Alphonse Areola,fr FRA,GK,West Ham,30-030,1993,3.4,0,0,0,,0.00,0.00,,,,0,0,0,0.0,0.0,,0.0,0.0,Matches,2f965a72
27,Joe Aribo,ng NGA,MFFW,Southampton,26-251,1996,12.2,2,13,8,61.5,1.07,0.66,0.15,0.25,10.7,0,0,0,1.4,1.4,0.11,+0.6,+0.6,Matches,328f7d51
28,Adam Armstrong,eng ENG,FW,Southampton,26-047,1997,12.3,1,20,10,50.0,1.62,0.81,0.05,0.10,16.4,0,0,0,1.6,1.6,0.08,-0.6,-0.6,Matches,68c720b5
29,Stuart Armstrong,sct SCO,MFFW,Southampton,30-364,1992,11.1,1,19,4,21.1,1.70,0.36,0.05,0.25,18.3,0,0,0,1.6,1.6,0.08,-0.6,-0.6,Matches,97333cf5
30,Kepa Arrizabalaga,es ESP,GK,Chelsea,28-177,1994,18.5,0,0,0,,0.00,0.00,,,,0,0,0,0.0,0.0,,0.0,0.0,Matches,28d596a0
31,Pierre-Emerick Aubameyang,ga GAB,FW,Chelsea,33-284,1989,4.9,1,10,5,50.0,2.04,1.02,0.10,0.20,15.3,0,0,0,0.7,0.7,0.07,+0.3,+0.3,Matches,d5dd5f1f
32,Ludwig Augustinsson,se SWE,DF,Aston Villa,28-342,1994,0.9,0,2,1,50.0,2.34,1.17,0.00,0.00,12.7,0,0,0,0.1,0.1,0.04,-0.1,-0.1,Matches,9fec8860
33,Serge Aurier,ci CIV,DF,Nott'ham Forest,30-095,1992,15.9,1,8,3,37.5,0.50,0.19,0.13,0.33,14.7,0,0,0,0.7,0.7,0.09,+0.3,+0.3,Matches,5c2b4f07
34,Taiwo Awoniyi,ng NGA,FW,Nott'ham Forest,25-229,1997,8.1,4,19,8,42.1,2.34,0.99,0.21,0.50,11.9,0,0,0,4.5,4.5,0.25,-0.5,-0.5,Matches,e5478b87
35,André Ayew,gh GHA,FW,Nott'ham Forest,33-102,1989,2.5,0,2,1,50.0,0.79,0.39,0.00,0.00,17.9,0,0,1,1.0,0.2,0.10,-1.0,-0.2,Matches,5dbefa9d
36,Jordan Ayew,gh GHA,FWMF,Crystal Palace,31-199,1991,20.9,1,14,6,42.9,0.67,0.29,0.07,0.17,14.7,0,0,0,1.4,1.4,0.10,-0.4,-0.4,Matches,da052c14
37,Luke Ayling,eng ENG,DF,Leeds United,31-216,1991,13.8,1,15,4,26.7,1.09,0.29,0.07,0.25,13.7,0,0,0,1.9,1.9,0.12,-0.9,-0.9,Matches,420d7c7d
38,César Azpilicueta,es ESP,DF,Chelsea,33-213,1989,12.3,0,7,1,14.3,0.57,0.08,0.00,0.00,18.4,0,0,0,0.3,0.3,0.05,-0.3,-0.3,Matches,53cad200
39,Benoît Badiashile,fr FRA,DF,Chelsea,22-003,2001,7.1,0,5,1,20.0,0.71,0.14,0.00,0.00,7.2,0,0,0,0.8,0.8,0.16,-0.8,-0.8,Matches,06df8256
40,Leon Bailey,jm JAM,FWMF,Aston Villa,25-232,1997,17.9,4,43,13,30.2,2.41,0.73,0.09,0.31,17.6,2,0,0,4.8,4.8,0.11,-0.8,-0.8,Matches,3a233281
41,Stefan Bajcetic,es ESP,MF,Liverpool,18-158,2004,5.8,1,6,3,50.0,1.03,0.51,0.17,0.33,24.5,0,0,0,0.8,0.8,0.13,+0.2,+0.2,Matches,32e8417f
42,Patrick Bamford,eng ENG,FW,Leeds United,29-205,1993,10.6,2,30,13,43.3,2.82,1.22,0.07,0.15,15.1,1,0,1,5.6,4.8,0.16,-3.6,-2.8,Matches,93feac6e
43,Shandon Baptiste,gd GRN,MF,Brentford,24-355,1998,5.0,0,2,1,50.0,0.40,0.20,0.00,0.00,16.9,0,0,0,0.2,0.2,0.10,-0.2,-0.2,Matches,2886c9b5
44,Harvey Barnes,eng ENG,MFFW,Leicester City,25-110,1997,22.6,9,54,25,46.3,2.39,1.11,0.17,0.36,16.2,0,0,0,7.4,7.4,0.14,+1.6,+1.6,Matches,3ea50f67
45,Gavin Bazunu,ie IRL,GK,Southampton,21-037,2002,28.0,0,0,0,,0.00,0.00,,,,0,0,0,0.0,0.0,,0.0,0.0,Matches,c91441dc
46,Mads Bech Sørensen,dk DEN,DFMF,Brentford,24-081,1999,0.2,0,0,0,,0.00,0.00,,,,0,0,0,0.0,0.0,,0.0,0.0,Matches,30db8574
47,Jan Bednarek,pl POL,DF,Southampton,26-351,1996,9.1,0,6,0,0.0,0.66,0.00,0.00,,15.7,0,0,0,0.4,0.4,0.06,-0.4,-0.4,Matches,4115ce4e
48,Jan Bednarek,pl POL,DF,Aston Villa,26-351,1996,1.1,0,0,0,,0.00,0.00,,,,0,0,0,0.0,0.0,,0.0,0.0,Matches,4115ce4e
49,Donny van de Beek,nl NED,MF,Manchester Utd,25-345,1997,1.9,0,2,0,0.0,1.08,0.00,0.00,,10.1,0,0,0,0.1,0.1,0.05,-0.1,-0.1,Matches,50dc94ce
50,Asmir Begović,ba BIH,GK,Everton,35-282,1987,1.0,0,0,0,,0.00,0.00,,,,0,0,0,0.0,0.0,,0.0,0.0,Matches,7b4de647
51,Armel Bella Kotchap,de GER,DF,Southampton,21-108,2001,16.5,0,11,1,9.1,0.67,0.06,0.00,0.00,16.1,0,0,0,0.8,0.8,0.07,-0.8,-0.8,Matches,a39d11bc
52,Saïd Benrahma,dz ALG,FWMF,West Ham,27-231,1995,15.9,4,50,16,32.0,3.15,1.01,0.02,0.06,21.8,4,3,3,5.1,2.8,0.06,-1.1,-1.8,Matches,5a04fd92
53,Rodrigo Bentancur,uy URU,MF,Tottenham,25-277,1997,16.7,5,15,9,60.0,0.90,0.54,0.33,0.56,15.8,0,0,0,2.2,2.2,0.15,+2.8,+2.8,Matches,3b8674e6
54,Victor Bernth Kristiansen,dk DEN,DF,Leicester City,20-103,2002,3.9,0,1,0,0.0,0.26,0.00,0.00,,10.7,0,0,0,0.1,0.1,0.07,-0.1,-0.1,Matches,505486d6
55,Owen Bevan,wls WAL,DF,Bournemouth,19-154,2003,0.1,0,0,0,,0.00,0.00,,,,0,0,0,0.0,0.0,,0.0,0.0,Matches,87966294
56,Giulian Biancone,fr FRA,DF,Nott'ham Forest,22-363,2000,0.2,0,0,0,,0.00,0.00,,,,0,0,0,0.0,0.0,,0.0,0.0,Matches,de40e38c
57,Philip Billing,dk DEN,MFFW,Bournemouth,26-291,1996,21.7,6,25,14,56.0,1.15,0.65,0.24,0.43,18.8,4,0,0,2.8,2.8,0.11,+3.2,+3.2,Matches,d328a254
58,Yves Bissouma,ml MLI,MF,Tottenham,26-211,1996,9.0,0,5,0,0.0,0.55,0.00,0.00,,26.2,0,0,0,0.2,0.2,0.03,-0.2,-0.2,Matches,6c203af0
59,Willy Boly,ci CIV,DF,Nott'ham Forest,32-054,1991,6.6,0,1,0,0.0,0.15,0.00,0.00,,22.1,0,0,0,0.0,0.0,0.02,0.0,0.0,Matches,a4ac4b8f
60,Sven Botman,nl NED,DF,Newcastle Utd,23-076,2000,22.7,0,14,4,28.6,0.62,0.18,0.00,0.00,11.6,0,0,0,1.1,1.1,0.08,-1.1,-1.1,Matches,ccce7025
61,Jarrod Bowen,eng ENG,FWMF,West Ham,26-099,1996,25.9,4,54,12,22.2,2.09,0.46,0.06,0.25,16.2,1,1,2,6.9,5.8,0.11,-2.9,-2.8,Matches,79c84d1c
62,James Bree,eng ENG,DF,Southampton,25-169,1997,2.2,0,0,0,,0.00,0.00,,,,0,0,0,0.0,0.0,,0.0,0.0,Matches,c07b7c5c
63,Armando Broja,al ALB,FW,Chelsea,21-200,2001,3.3,1,6,5,83.3,1.84,1.53,0.17,0.20,11.0,0,0,0,0.8,0.8,0.14,+0.2,+0.2,Matches,97220da2
64,David Brooks,wls WAL,DF,Bournemouth,25-264,1997,0.1,0,0,0,,0.00,0.00,,,,0,0,0,0.0,0.0,,0.0,0.0,Matches,dc4cae05
65,Lewis Brunt,eng ENG,DF,Leicester City,22-143,2000,0.3,0,0,0,,0.00,0.00,,,,0,0,0,0.0,0.0,,0.0,0.0,Matches,a2081c6b
66,Bryan,es ESP,MFFW,Tottenham,22-046,2001,1.6,0,2,1,50.0,1.22,0.61,0.00,0.00,19.4,0,0,0,0.1,0.1,0.05,-0.1,-0.1,Matches,7b5ab7f2
67,Emi Buendía,ar ARG,MFFW,Aston Villa,26-094,1996,18.1,5,34,8,23.5,1.87,0.44,0.15,0.63,16.3,1,0,0,4.7,4.7,0.14,+0.3,+0.3,Matches,66b76d44
68,Hugo Bueno,es ESP,DF,Wolves,20-192,2002,11.6,0,4,1,25.0,0.35,0.09,0.00,0.00,18.5,0,0,0,0.2,0.2,0.04,-0.2,-0.2,Matches,bfc3b3a0
69,Facundo Buonanotte,ar ARG,FWMF,Brighton,18-096,2004,0.6,0,2,0,0.0,3.60,0.00,0.00,,16.5,0,0,0,0.1,0.1,0.07,-0.1,-0.1,Matches,468a7a91
70,Dan Burn,eng ENG,DF,Newcastle Utd,30-324,1992,24.6,0,12,3,25.0,0.49,0.12,0.00,0.00,11.5,0,0,0,1.1,1.1,0.09,-1.1,-1.1,Matches,b2d31e83
71,Cafú,pt POR,MF,Nott'ham Forest,30-031,1993,0.1,0,0,0,,0.00,0.00,,,,0,0,0,0.0,0.0,,0.0,0.0,Matches,85322440
72,Moisés Caicedo,ec ECU,MF,Brighton,21-147,2001,23.2,1,17,5,29.4,0.73,0.22,0.06,0.20,23.8,0,0,0,1.1,1.1,0.07,-0.1,-0.1,Matches,16264a81
73,Tom Cairney,sct SCO,MF,Fulham,32-068,1991,5.2,0,11,0,0.0,2.10,0.00,0.00,,20.3,0,0,0,0.6,0.6,0.06,-0.6,-0.6,Matches,a8748947
74,Duje Ćaleta-Car,hr CRO,DF,Southampton,26-193,1996,8.0,0,3,1,33.3,0.38,0.13,0.00,0.00,10.6,0,0,0,0.3,0.3,0.10,-0.3,-0.3,Matches,94f8d10c
75,Dominic Calvert-Lewin,eng ENG,FW,Everton,26-013,1997,8.1,1,16,4,25.0,1.97,0.49,0.06,0.25,10.7,0,0,0,2.9,2.9,0.18,-1.9,-1.9,Matches,59e6e5bf
76,Chem Campbell,wls WAL,FWMF,Wolves,20-089,2002,0.8,0,2,0,0.0,2.43,0.00,0.00,,11.3,0,0,0,0.1,0.1,0.05,-0.1,-0.1,Matches,6f711f67
77,João Cancelo,pt POR,DF,Manchester City,28-306,1994,14.2,2,17,3,17.6,1.20,0.21,0.12,0.67,22.7,0,0,0,0.8,0.8,0.05,+1.2,+1.2,Matches,bd6351cd
78,Thomas Cannon,ie IRL,FW,Everton,20-091,2002,0.3,0,1,1,100.0,3.60,3.60,0.00,0.00,10.8,0,0,0,0.1,0.1,0.09,-0.1,-0.1,Matches,4506aec5
79,Sergi Canós,es ESP,FWDF,Brentford,26-055,1997,0.9,0,1,0,0.0,1.17,0.00,0.00,,16.1,0,0,0,0.1,0.1,0.07,-0.1,-0.1,Matches,1137759d
80,Diego Carlos,br BRA,DF,Aston Villa,30-014,1993,2.0,0,4,0,0.0,2.01,0.00,0.00,,15.7,0,0,0,0.4,0.4,0.09,-0.4,-0.4,Matches,b4a014b1
81,Fabio Carvalho,pt POR,MFFW,Liverpool,20-211,2002,3.8,2,11,4,36.4,2.91,1.06,0.18,0.50,11.5,0,0,0,1.1,1.1,0.10,+0.9,+0.9,Matches,966e28d0
82,Casemiro,br BRA,MF,Manchester Utd,31-034,1992,14.9,2,17,5,29.4,1.14,0.34,0.12,0.40,22.5,0,0,0,2.1,2.1,0.12,-0.1,-0.1,Matches,4d224fe8
83,Matty Cash,pl POL,DF,Aston Villa,25-234,1997,18.2,0,7,1,14.3,0.38,0.05,0.00,0.00,26.9,0,0,0,0.2,0.2,0.03,-0.2,-0.2,Matches,2389cdc2
84,Timothy Castagne,be BEL,DF,Leicester City,27-114,1995,25.2,1,13,3,23.1,0.52,0.12,0.08,0.33,9.5,0,0,0,1.7,1.7,0.13,-0.7,-0.7,Matches,197640fd
85,Jonny Castro,es ESP,DF,Wolves,29-026,1994,14.0,1,9,2,22.2,0.64,0.14,0.11,0.50,24.1,0,0,0,0.3,0.3,0.03,+0.7,+0.7,Matches,e28868f3
86,Julio César Enciso,py PAR,FWMF,Brighton,19-065,2004,1.7,0,11,8,72.7,6.56,4.77,0.00,0.00,23.6,0,0,0,0.7,0.7,0.06,-0.7,-0.7,Matches,9cfbad36
87,Nathaniel Chalobah,eng ENG,MF,Fulham,28-107,1994,0.1,0,1,1,100.0,7.50,7.50,0.00,0.00,10.1,0,0,0,0.1,0.1,0.09,-0.1,-0.1,Matches,422862ea
88,Trevoh Chalobah,eng ENG,DF,Chelsea,23-267,1999,11.2,0,5,1,20.0,0.45,0.09,0.00,0.00,11.1,0,0,0,0.4,0.4,0.08,-0.4,-0.4,Matches,5515376c
89,Calum Chambers,eng ENG,DFMF,Aston Villa,28-068,1995,2.6,0,1,0,0.0,0.38,0.00,0.00,,29.2,0,0,0,0.0,0.0,0.03,0.0,0.0,Matches,dc6f5bdd
90,Ben Chilwell,eng ENG,DFMF,Chelsea,26-098,1996,9.7,2,9,3,33.3,0.93,0.31,0.22,0.67,16.3,0,0,0,0.9,0.9,0.10,+1.1,+1.1,Matches,d2424d1b
91,Ryan Christie,sct SCO,MFFW,Bournemouth,28-035,1995,11.8,1,18,6,33.3,1.52,0.51,0.06,0.17,14.1,0,0,0,1.6,1.6,0.09,-0.6,-0.6,Matches,26ce2263
92,Carney Chukwuemeka,eng ENG,MFFW,Chelsea,19-160,2003,2.6,0,4,1,25.0,1.55,0.39,0.00,0.00,16.4,0,0,0,0.3,0.3,0.07,-0.3,-0.3,Matches,b2f9c73e
93,Bobby Clark,eng ENG,MF,Liverpool,18-050,2005,0.1,0,0,0,,0.00,0.00,,,,0,0,0,0.0,0.0,,0.0,0.0,Matches,73341ace
94,Nathaniel Clyne,eng ENG,DF,Crystal Palace,31-358,1991,18.2,0,0,0,,0.00,0.00,,,,0,0,0,0.0,0.0,,0.0,0.0,Matches,0442183b
95,Conor Coady,eng ENG,DF,Everton,30-032,1993,21.9,1,4,2,50.0,0.18,0.09,0.25,0.50,8.5,0,0,0,0.8,0.8,0.21,+0.2,+0.2,Matches,2928dca2
96,Jack Colback,eng ENG,MF,Nott'ham Forest,33-156,1989,5.5,0,0,0,,0.00,0.00,,,,0,0,0,0.0,0.0,,0.0,0.0,Matches,963a9201
97,Séamus Coleman,ie IRL,DF,Everton,34-169,1988,16.1,1,5,1,20.0,0.31,0.06,0.20,1.00,20.5,0,0,0,0.3,0.3,0.06,+0.7,+0.7,Matches,0420d84f
98,Nathan Collins,ie IRL,DF,Wolves,21-333,2001,17.5,0,2,0,0.0,0.11,0.00,0.00,,10.8,0,0,0,0.1,0.1,0.04,-0.1,-0.1,Matches,a8c19eb8
99,Levi Colwill,eng ENG,DF,Brighton,20-031,2003,6.1,0,1,0,0.0,0.16,0.00,0.00,,8.1,0,0,0,0.2,0.2,0.18,-0.2,-0.2,Matches,700783e7
100,Lewis Cook,eng ENG,MF,Bournemouth,26-054,1997,16.8,0,5,0,0.0,0.30,0.00,0.00,,28.0,1,0,0,0.2,0.2,0.04,-0.2,-0.2,Matches,2afc7272
101,Steve Cook,eng ENG,DF,Nott'ham Forest,31-344,1991,10.6,0,3,0,0.0,0.28,0.00,0.00,,14.2,0,0,0,0.1,0.1,0.05,-0.1,-0.1,Matches,3e5e4e63
102,Liam Cooper,sct SCO,DF,Leeds United,31-211,1991,12.3,1,9,2,22.2,0.73,0.16,0.11,0.50,8.9,0,0,0,1.0,1.0,0.11,0.0,0.0,Matches,dc64b8b3
103,Maxwel Cornet,ci CIV,FW,West Ham,26-183,1996,1.1,0,4,1,25.0,3.75,0.94,0.00,0.00,9.8,0,0,0,0.5,0.5,0.13,-0.5,-0.5,Matches,beb391dd
104,Diego Costa,es ESP,FW,Wolves,34-173,1988,7.9,0,21,7,33.3,2.66,0.89,0.00,0.00,11.7,0,0,0,2.2,2.2,0.11,-2.2,-2.2,Matches,a190d597
105,Vladimír Coufal,cz CZE,DF,West Ham,30-219,1992,15.8,0,5,0,0.0,0.32,0.00,0.00,,24.3,0,0,0,0.3,0.3,0.05,-0.3,-0.3,Matches,fdf3cb77
106,Philippe Coutinho,br BRA,MFFW,Aston Villa,30-290,1992,8.8,1,21,8,38.1,2.40,0.91,0.05,0.13,21.6,2,0,0,1.4,1.4,0.07,-0.4,-0.4,Matches,0ef89a37
107,Conor Coventry,ie IRL,MFFW,West Ham,23-004,2000,0.0,0,0,0,,0.00,0.00,,,,0,0,0,0.0,0.0,,0.0,0.0,Matches,a5ca9127
108,Aaron Cresswell,eng ENG,DF,West Ham,33-104,1989,17.5,0,7,1,14.3,0.40,0.06,0.00,0.00,22.8,3,0,0,0.3,0.3,0.04,-0.3,-0.3,Matches,4f974391
109,Marc Cucurella,es ESP,DF,Chelsea,24-250,1998,15.9,0,6,0,0.0,0.38,0.00,0.00,,17.7,0,0,0,0.4,0.4,0.06,-0.4,-0.4,Matches,1daec722
110,Matheus Cunha,br BRA,FW,Wolves,23-306,1999,4.8,1,16,3,18.8,3.30,0.62,0.06,0.33,17.2,0,0,0,1.3,1.3,0.08,-0.3,-0.3,Matches,dc62b55d
111,Patson Daka,zm ZAM,FW,Leicester City,24-171,1998,9.4,4,23,12,52.2,2.44,1.27,0.17,0.33,14.8,0,0,0,2.7,2.7,0.12,+1.3,+1.3,Matches,ca45605e
112,Diogo Dalot,pt POR,DF,Manchester Utd,24-011,1999,16.9,0,17,5,29.4,1.01,0.30,0.00,0.00,19.0,0,0,0,1.7,1.7,0.10,-1.7,-1.7,Matches,d9565625
113,Mikkel Damsgaard,dk DEN,MFFW,Brentford,22-269,2000,5.8,0,6,4,66.7,1.03,0.69,0.00,0.00,19.0,0,0,0,0.6,0.6,0.10,-0.6,-0.6,Matches,215f3907
114,Danilo,br BRA,MF,Nott'ham Forest,21-334,2001,1.6,0,1,0,0.0,0.61,0.00,0.00,,31.9,0,0,0,0.0,0.0,0.03,0.0,0.0,Matches,a816dbfb
115,Arnaut Danjuma,nl NED,FW,Tottenham,26-057,1997,0.1,0,0,0,,0.00,0.00,,,,0,0,0,0.0,0.0,,0.0,0.0,Matches,f08490a6
116,Josh Dasilva,eng ENG,MF,Brentford,24-157,1998,12.5,3,14,5,35.7,1.12,0.40,0.21,0.60,20.8,0,0,0,1.0,1.0,0.07,+2.0,+2.0,Matches,60344e4f
117,Ben Davies,wls WAL,DF,Tottenham,29-339,1993,20.3,2,14,5,35.7,0.69,0.25,0.14,0.40,16.7,0,0,0,1.0,1.0,0.07,+1.0,+1.0,Matches,44781702
118,Tom Davies,eng ENG,MF,Everton,24-272,1998,5.3,0,9,2,22.2,1.70,0.38,0.00,0.00,15.7,0,0,0,1.2,1.2,0.13,-1.2,-1.2,Matches,9228b07c
119,Craig Dawson,eng ENG,DF,West Ham,32-327,1990,8.0,0,6,1,16.7,0.75,0.12,0.00,0.00,15.1,0,0,0,0.5,0.5,0.08,-0.5,-0.5,Matches,3e9e06cb
120,Craig Dawson,eng ENG,DF,Wolves,32-327,1990,7.5,1,6,2,33.3,0.80,0.27,0.17,0.50,9.3,0,0,0,0.6,0.6,0.10,+0.4,+0.4,Matches,3e9e06cb
121,Kevin De Bruyne,be BEL,MF,Manchester City,31-274,1991,21.5,4,57,18,31.6,2.65,0.84,0.07,0.22,23.7,7,0,0,4.1,4.1,0.07,-0.1,-0.1,Matches,e46012d4
122,Siriki Dembélé,ci CIV,FWMF,Bournemouth,26-203,1996,1.2,0,2,2,100.0,1.64,1.64,0.00,0.00,16.6,0,0,0,0.2,0.2,0.09,-0.2,-0.2,Matches,11f54bd5
123,Leander Dendoncker,be BEL,MF,Aston Villa,27-348,1995,4.1,0,1,0,0.0,0.25,0.00,0.00,,23.2,0,0,0,0.0,0.0,0.04,0.0,0.0,Matches,5a7301ae
124,Leander Dendoncker,be BEL,MF,Wolves,27-348,1995,2.4,0,3,2,66.7,1.26,0.84,0.00,0.00,16.7,0,0,0,0.7,0.7,0.22,-0.7,-0.7,Matches,5a7301ae
125,Emmanuel Dennis,ng NGA,FW,Nott'ham Forest,25-134,1997,6.1,2,13,4,30.8,2.12,0.65,0.15,0.50,13.3,2,0,0,1.2,1.2,0.09,+0.8,+0.8,Matches,2c44a35d
126,Halil Dervişoğlu,tr TUR,MF,Brentford,23-111,1999,0.1,0,1,0,0.0,11.25,0.00,0.00,,31.9,0,0,0,0.0,0.0,0.03,0.0,0.0,Matches,9d8cf204
127,Kiernan Dewsbury-Hall,eng ENG,MF,Leicester City,24-204,1998,21.7,2,23,6,26.1,1.06,0.28,0.09,0.33,21.8,0,0,0,2.1,2.1,0.09,-0.1,-0.1,Matches,5c74c0f5
128,Ibrahima Diallo,fr FRA,MF,Southampton,24-021,1999,8.9,0,6,0,0.0,0.67,0.00,0.00,,28.4,0,0,0,0.2,0.2,0.03,-0.2,-0.2,Matches,11ff3d56
129,Rúben Dias,pt POR,DF,Manchester City,25-319,1997,15.2,0,10,2,20.0,0.66,0.13,0.00,0.00,9.1,0,0,0,1.3,1.3,0.13,-1.3,-1.3,Matches,31c69ef1
130,Luis Díaz,co COL,FW,Liverpool,26-075,1997,6.8,3,16,7,43.8,2.35,1.03,0.19,0.43,13.3,0,0,0,1.7,1.7,0.11,+1.3,+1.3,Matches,4a1a9578
131,Eric Dier,eng ENG,DF,Tottenham,29-073,1994,25.3,2,16,4,25.0,0.63,0.16,0.13,0.50,12.1,2,0,0,1.2,1.2,0.08,+0.8,+0.8,Matches,ac861941
132,Lucas Digne,fr FRA,DF,Aston Villa,29-252,1993,14.3,1,7,3,42.9,0.49,0.21,0.14,0.33,20.3,3,0,0,0.3,0.3,0.05,+0.7,+0.7,Matches,1b84dbe1
133,Issa Diop,fr FRA,DF,Fulham,26-079,1997,15.7,1,3,2,66.7,0.19,0.13,0.33,0.50,12.3,0,0,0,0.3,0.3,0.09,+0.7,+0.7,Matches,a712ca2b
134,Moussa Djenepo,ml MLI,DFFW,Southampton,24-287,1998,6.4,0,3,2,66.7,0.47,0.31,0.00,0.00,13.8,0,0,0,0.2,0.2,0.06,-0.2,-0.2,Matches,254147d4
135,Ben Doak,sct SCO,FW,Liverpool,17-138,2005,0.3,0,0,0,,0.00,0.00,,,,0,0,0,0.0,0.0,,0.0,0.0,Matches,733f1a7d
136,Matt Doherty,ie IRL,DFMF,Tottenham,31-072,1992,7.4,1,10,2,20.0,1.35,0.27,0.10,0.50,12.1,0,0,0,0.8,0.8,0.08,+0.2,+0.2,Matches,d557d734
137,Gabriel Dos Santos,br BRA,DF,Arsenal,25-100,1997,27.9,3,23,8,34.8,0.82,0.29,0.13,0.38,13.0,0,0,0,3.8,3.8,0.16,-0.8,-0.8,Matches,67ac5bb8
138,Abdoulaye Doucouré,ml MLI,MF,Everton,30-087,1993,10.4,2,11,3,27.3,1.06,0.29,0.18,0.67,11.5,0,0,0,1.3,1.3,0.12,+0.7,+0.7,Matches,02b29014
139,Cheick Doucouré,ml MLI,MF,Crystal Palace,23-080,2000,22.5,0,25,5,20.0,1.11,0.22,0.00,0.00,26.2,0,0,0,0.8,0.8,0.03,-0.8,-0.8,Matches,ce4f40c7
140,Flynn Downes,eng ENG,MF,West Ham,24-068,1999,4.4,0,2,0,0.0,0.45,0.00,0.00,,14.7,0,0,0,0.2,0.2,0.12,-0.2,-0.2,Matches,69fdb896
141,Cody Drameh,eng ENG,DF,Leeds United,21-111,2001,0.8,0,0,0,,0.00,0.00,,,,0,0,0,0.0,0.0,,0.0,0.0,Matches,e0d1510a
142,Martin Dúbravka,sk SVK,GK,Newcastle Utd,34-073,1989,0.7,0,0,0,,0.00,0.00,,,,0,0,0,0.0,0.0,,0.0,0.0,Matches,3a949a25
143,Shane Duffy,ie IRL,FWDF,Fulham,31-087,1992,0.1,0,0,0,,0.00,0.00,,,,0,0,0,0.0,0.0,,0.0,0.0,Matches,7314bba4
144,Lewis Dunk,eng ENG,DF,Brighton,31-128,1991,25.0,0,14,1,7.1,0.56,0.04,0.00,0.00,11.9,0,0,0,1.1,1.1,0.08,-1.1,-1.1,Matches,282f75f3
145,Jhon Durán,co COL,FW,Aston Villa,19-106,2003,0.8,0,7,2,28.6,8.87,2.54,0.00,0.00,19.8,0,0,0,0.6,0.6,0.08,-0.6,-0.6,Matches,414184f7
146,Malcolm Ebiowei,eng ENG,MFFW,Crystal Palace,19-206,2003,0.4,0,0,0,,0.00,0.00,,,,0,0,0,0.0,0.0,,0.0,0.0,Matches,fa9fa773
147,Ederson,br BRA,GK,Manchester City,29-224,1993,27.0,0,0,0,,0.00,0.00,,,,0,0,0,0.0,0.0,,0.0,0.0,Matches,3bb7b8b4
148,Odsonne Édouard,fr FRA,FW,Crystal Palace,25-072,1998,14.2,3,28,11,39.3,1.97,0.78,0.11,0.27,12.7,0,0,0,3.1,3.1,0.11,-0.1,-0.1,Matches,0562b7f1
149,Samuel Edozie,eng ENG,FWMF,Southampton,20-060,2003,6.0,0,8,3,37.5,1.33,0.50,0.00,0.00,16.5,0,0,0,0.9,0.9,0.11,-0.9,-0.9,Matches,007414dd
150,Anthony Elanga,se SWE,FW,Manchester Utd,20-336,2002,4.7,0,10,4,40.0,2.11,0.85,0.00,0.00,13.8,0,0,0,0.7,0.7,0.07,-0.7,-0.7,Matches,2fba6108
151,Harvey Elliott,eng ENG,MFFW,Liverpool,19-359,2003,15.9,1,28,10,35.7,1.76,0.63,0.04,0.10,19.0,0,0,0,1.7,1.7,0.06,-0.7,-0.7,Matches,c8387671
152,Mohamed Elneny,eg EGY,MF,Arsenal,30-261,1992,1.3,0,0,0,,0.00,0.00,,,,0,0,0,0.0,0.0,,0.0,0.0,Matches,47a34c4f
153,Mohamed Elyounoussi,no NOR,MFFW,Southampton,28-237,1994,19.3,0,30,7,23.3,1.56,0.36,0.00,0.00,16.6,0,0,0,2.6,2.6,0.09,-2.6,-2.6,Matches,68dc0dac
154,Emerson,br BRA,DF,Tottenham,24-074,1999,15.5,2,15,6,40.0,0.97,0.39,0.13,0.33,16.1,0,0,0,1.6,1.6,0.11,+0.4,+0.4,Matches,df8b52a5
155,Christian Eriksen,dk DEN,MF,Manchester Utd,31-043,1992,16.5,1,23,8,34.8,1.39,0.48,0.04,0.13,19.1,3,0,0,2.7,2.7,0.12,-1.7,-1.7,Matches,980522ec
156,Pervis Estupiñán,ec ECU,DF,Brighton,25-067,1998,17.5,0,12,1,8.3,0.68,0.06,0.00,0.00,20.9,0,0,0,0.5,0.5,0.04,-0.5,-0.5,Matches,d38fdf53
157,Jonny Evans,nir NIR,DF,Leicester City,35-085,1988,9.0,0,1,1,100.0,0.11,0.11,0.00,0.00,3.8,0,0,0,0.2,0.2,0.17,-0.2,-0.2,Matches,f8fcd2a5
158,Eberechi Eze,eng ENG,MFFW,Crystal Palace,24-273,1998,19.3,4,42,12,28.6,2.18,0.62,0.10,0.33,22.4,9,0,0,3.3,3.3,0.08,+0.7,+0.7,Matches,ae4fc6a4
159,Łukasz Fabiański,pl POL,GK,West Ham,37-345,1985,22.6,0,0,0,,0.00,0.00,,,,0,0,0,0.0,0.0,,0.0,0.0,Matches,9328b835
160,Fabinho,br BRA,MF,Liverpool,29-157,1993,18.7,0,10,3,30.0,0.53,0.16,0.00,0.00,20.2,0,0,0,0.4,0.4,0.04,-0.4,-0.4,Matches,7f3b388c
161,Wout Faes,be BEL,DF,Leicester City,24-360,1998,20.0,0,6,1,16.7,0.30,0.05,0.00,0.00,13.4,0,0,0,0.5,0.5,0.09,-0.5,-0.5,Matches,9c221d14
162,Felipe,br BRA,DF,Nott'ham Forest,33-317,1989,5.9,0,4,1,25.0,0.67,0.17,0.00,0.00,12.0,0,0,0,0.2,0.2,0.04,-0.2,-0.2,Matches,51a3c4c8
163,João Félix,pt POR,FWMF,Chelsea,23-139,1999,5.7,2,23,10,43.5,4.01,1.74,0.09,0.20,18.7,2,0,0,2.8,2.8,0.12,-0.8,-0.8,Matches,8aafd64f
164,Evan Ferguson,ie IRL,FW,Brighton,18-161,2004,5.2,3,17,9,52.9,3.28,1.74,0.18,0.33,15.8,0,0,0,2.2,2.2,0.13,+0.8,+0.8,Matches,4596da74
165,Bruno Fernandes,pt POR,MFFW,Manchester Utd,28-202,1994,25.0,5,54,18,33.3,2.16,0.72,0.07,0.22,20.8,3,1,1,5.3,4.5,0.08,-0.3,-0.5,Matches,507c7bdf
166,Enzo Fernández,ar ARG,MF,Chelsea,22-071,2001,6.9,0,10,1,10.0,1.44,0.14,0.00,0.00,24.6,1,0,0,0.5,0.5,0.05,-0.5,-0.5,Matches,5ff4ab71
167,Roberto Firmino,br BRA,FWMF,Liverpool,31-178,1991,11.5,8,34,21,61.8,2.97,1.83,0.24,0.38,12.4,0,0,0,4.5,4.5,0.13,+3.5,+3.5,Matches,4c370d81
168,Junior Firpo,es ESP,DF,Leeds United,26-219,1996,8.2,1,1,1,100.0,0.12,0.12,1.00,1.00,10.9,0,0,0,0.1,0.1,0.07,+0.9,+0.9,Matches,24f59bb2
169,Phil Foden,eng ENG,FW,Manchester City,22-305,2000,15.6,9,35,19,54.3,2.24,1.22,0.26,0.47,14.6,1,0,0,4.8,4.8,0.14,+4.2,+4.2,Matches,ed1e53f3
170,Datro Fofana,ci CIV,FW,Chelsea,20-097,2002,0.7,0,3,1,33.3,4.43,1.48,0.00,0.00,19.1,0,0,0,0.2,0.2,0.08,-0.2,-0.2,Matches,e82900ef
171,Wesley Fofana,fr FRA,DF,Leicester City,22-102,2000,2.0,0,2,1,50.0,1.00,0.50,0.00,0.00,10.1,0,0,0,0.1,0.1,0.06,-0.1,-0.1,Matches,132a82f1
172,Wesley Fofana,fr FRA,DF,Chelsea,22-102,2000,6.2,1,5,2,40.0,0.81,0.32,0.20,0.50,11.9,0,0,0,0.6,0.6,0.11,+0.4,+0.4,Matches,132a82f1
173,Pablo Fornals,es ESP,FWMF,West Ham,27-035,1996,11.5,1,18,5,27.8,1.56,0.43,0.06,0.20,23.3,0,0,0,1.0,1.0,0.05,0.0,0.0,Matches,82927de4
174,Adam Forshaw,eng ENG,MF,Leeds United,31-172,1991,1.8,0,0,0,,0.00,0.00,,,,0,0,0,0.0,0.0,,0.0,0.0,Matches,9f1938ab
175,Fraser Forster,eng ENG,GK,Tottenham,35-012,1988,7.0,0,0,0,,0.00,0.00,,,,0,0,0,0.0,0.0,,0.0,0.0,Matches,c3e39f12
176,Tyrese Francois,au AUS,FW,Fulham,22-256,2000,0.0,0,0,0,,0.00,0.00,,,,0,0,0,0.0,0.0,,0.0,0.0,Matches,6722d4f0
177,Ryan Fraser,sct SCO,FW,Newcastle Utd,29-033,1994,3.5,0,6,1,16.7,1.73,0.29,0.00,0.00,16.6,0,0,0,0.3,0.3,0.05,-0.3,-0.3,Matches,d56543a0
178,Fred,br BRA,MF,Manchester Utd,30-024,1993,10.8,2,23,5,21.7,2.14,0.46,0.09,0.40,19.5,0,0,0,1.8,1.8,0.08,+0.2,+0.2,Matches,b853e0ad
179,Ryan Fredericks,eng ENG,DF,Bournemouth,30-170,1992,5.9,0,0,0,,0.00,0.00,,,,0,0,0,0.0,0.0,,0.0,0.0,Matches,c067631c
180,Remo Freuler,ch SUI,MF,Nott'ham Forest,30-348,1992,20.1,0,6,1,16.7,0.30,0.05,0.00,0.00,22.3,0,0,0,0.3,0.3,0.05,-0.3,-0.3,Matches,98d2c2c4
181,Cody Gakpo,nl NED,FW,Liverpool,23-326,1999,7.3,4,20,6,30.0,2.74,0.82,0.20,0.67,13.1,0,0,0,2.8,2.8,0.14,+1.2,+1.2,Matches,1971591f
182,Conor Gallagher,eng ENG,MFFW,Chelsea,23-051,2000,10.5,1,16,7,43.8,1.52,0.67,0.06,0.14,18.6,0,0,0,1.2,1.2,0.07,-0.2,-0.2,Matches,c2731c10
183,Idrissa Gana Gueye,sn SEN,MF,Everton,33-184,1989,19.9,0,4,2,50.0,0.20,0.10,0.00,0.00,26.8,0,0,0,0.1,0.1,0.03,-0.1,-0.1,Matches,72c812f3
184,Alejandro Garnacho,es ESP,FWMF,Manchester Utd,18-271,2004,5.0,2,16,6,37.5,3.18,1.19,0.13,0.33,16.1,0,0,0,1.6,1.6,0.10,+0.4,+0.4,Matches,7aa8adfe
185,James Garner,eng ENG,MF,Everton,22-016,2001,1.6,0,2,1,50.0,1.27,0.63,0.00,0.00,22.4,0,0,0,0.1,0.1,0.03,-0.1,-0.1,Matches,4e015693
186,David de Gea,es ESP,GK,Manchester Utd,32-142,1990,26.0,0,0,0,,0.00,0.00,,,,0,0,0,0.0,0.0,,0.0,0.0,Matches,7ba6d84e
187,Joe Gelhardt,eng ENG,FW,Leeds United,20-329,2002,2.4,0,10,2,20.0,4.25,0.85,0.00,0.00,23.5,1,0,0,0.8,0.8,0.08,-0.8,-0.8,Matches,01962d0d
188,Saman Ghoddos,ir IRN,MFFW,Brentford,29-204,1993,1.0,0,1,1,100.0,0.96,0.96,0.00,0.00,19.2,0,0,0,0.0,0.0,0.05,0.0,0.0,Matches,f7b1d4e0
189,Morgan Gibbs-White,eng ENG,FWMF,Wolves,23-061,2000,2.0,0,3,1,33.3,1.50,0.50,0.00,0.00,11.5,0,0,0,0.7,0.7,0.24,-0.7,-0.7,Matches,32f60ed8
190,Morgan Gibbs-White,eng ENG,MFFW,Nott'ham Forest,23-061,2000,22.3,2,42,12,28.6,1.88,0.54,0.05,0.17,19.6,3,0,0,3.5,3.5,0.08,-1.5,-1.5,Matches,32f60ed8
191,Billy Gilmour,sct SCO,MF,Brighton,21-291,2001,1.8,0,2,0,0.0,1.10,0.00,0.00,,17.1,0,0,0,0.2,0.2,0.11,-0.2,-0.2,Matches,df10e27c
192,Degnand Gnonto,it ITA,FWMF,Leeds United,19-144,2003,11.8,2,17,7,41.2,1.44,0.59,0.12,0.29,18.5,0,0,0,1.4,1.4,0.08,+0.6,+0.6,Matches,75fdd638
193,Ben Godfrey,eng ENG,DF,Everton,25-073,1998,5.7,0,4,0,0.0,0.70,0.00,0.00,,13.0,0,0,0,1.1,1.1,0.28,-1.1,-1.1,Matches,9f7c837d
194,João Gomes,br BRA,MFFW,Wolves,22-045,2001,1.8,1,3,1,33.3,1.70,0.57,0.33,1.00,21.9,0,0,0,0.2,0.2,0.09,+0.8,+0.8,Matches,8b57ad2c
195,Toti Gomes,pt POR,DF,Wolves,24-072,1999,3.4,0,0,0,,0.00,0.00,,,,0,0,0,0.0,0.0,,0.0,0.0,Matches,f0caab96
196,Joe Gomez,eng ENG,DF,Liverpool,25-310,1997,14.3,0,4,0,0.0,0.28,0.00,0.00,,23.1,0,0,0,0.1,0.1,0.03,-0.1,-0.1,Matches,7a11550b
197,Sergio Gómez,es ESP,DFMF,Manchester City,22-206,2000,1.6,0,4,0,0.0,2.45,0.00,0.00,,20.0,0,0,0,0.3,0.3,0.06,-0.3,-0.3,Matches,01e5f06e
198,Anthony Gordon,eng ENG,FWMF,Newcastle Utd,22-033,2001,1.8,0,3,0,0.0,1.64,0.00,0.00,,17.0,0,0,0,0.3,0.3,0.11,-0.3,-0.3,Matches,2bd83368
199,Anthony Gordon,eng ENG,FW,Everton,22-033,2001,12.2,3,26,16,61.5,2.14,1.32,0.12,0.19,16.6,1,0,0,3.3,3.3,0.13,-0.3,-0.3,Matches,2bd83368
200,Demarai Gray,eng ENG,FWMF,Everton,26-274,1996,22.5,4,44,18,40.9,1.96,0.80,0.05,0.11,20.3,7,2,2,5.2,3.6,0.08,-1.2,-1.6,Matches,4468ec10
201,Jack Grealish,eng ENG,FWMF,Manchester City,27-200,1995,16.9,3,27,6,22.2,1.59,0.35,0.11,0.50,14.9,0,0,0,3.2,3.2,0.12,-0.2,-0.2,Matches,b0b4fd3e
202,Sam Greenwood,eng ENG,MFFW,Leeds United,21-062,2002,3.8,1,11,2,18.2,2.92,0.53,0.09,0.50,24.3,5,0,0,0.6,0.6,0.06,+0.4,+0.4,Matches,f3354c07
203,Pascal Groß,de GER,MFDF,Brighton,31-287,1991,24.2,6,23,10,43.5,0.95,0.41,0.26,0.60,15.9,0,0,0,3.5,3.5,0.15,+2.5,+2.5,Matches,8aec0537
204,Vicente Guaita,es ESP,GK,Crystal Palace,36-078,1987,26.0,0,0,0,,0.00,0.00,,,,0,0,0,0.0,0.0,,0.0,0.0,Matches,ab13a5aa
205,Gonçalo Guedes,pt POR,FWMF,Wolves,26-120,1996,7.9,1,19,6,31.6,2.42,0.76,0.05,0.17,18.4,1,0,0,1.2,1.2,0.06,-0.2,-0.2,Matches,e6bc67d7
206,Marc Guéhi,eng ENG,DF,Crystal Palace,22-259,2000,27.0,0,8,4,50.0,0.30,0.15,0.00,0.00,9.5,0,0,0,0.6,0.6,0.08,-0.6,-0.6,Matches,d0706b27
207,Bruno Guimarães,br BRA,MF,Newcastle Utd,25-133,1997,18.5,3,17,6,35.3,0.92,0.32,0.18,0.50,20.0,0,0,0,1.4,1.4,0.08,+1.6,+1.6,Matches,82518f62
208,İlkay Gündoğan,de GER,MF,Manchester City,32-156,1990,19.5,3,40,13,32.5,2.05,0.67,0.08,0.23,18.6,4,0,0,5.2,5.2,0.13,-2.2,-2.2,Matches,819b3158
209,Darko Gyabi,eng ENG,FW,Leeds United,19-039,2004,0.1,0,1,0,0.0,11.25,0.00,0.00,,17.8,0,0,0,0.1,0.1,0.06,-0.1,-0.1,Matches,56d838f7
210,Erling Haaland,no NOR,FW,Manchester City,22-251,2000,23.5,28,85,39,45.9,3.62,1.66,0.27,0.59,12.5,0,5,5,20.1,16.2,0.19,+7.9,+6.8,Matches,1f44ac21
211,Lewis Hall,eng ENG,DFMF,Chelsea,18-202,2004,3.4,0,5,2,40.0,1.48,0.59,0.00,0.00,13.3,0,0,0,0.5,0.5,0.10,-0.5,-0.5,Matches,da011f18
212,Luke Harris,wls WAL,MFFW,Fulham,17-360,2005,0.1,0,0,0,,0.00,0.00,,,,0,0,0,0.0,0.0,,0.0,0.0,Matches,8c3078cd
213,Jack Harrison,eng ENG,FWMF,Leeds United,26-129,1996,20.4,3,26,9,34.6,1.28,0.44,0.12,0.33,18.1,2,0,0,3.2,3.2,0.12,-0.2,-0.2,Matches,aa849a12
214,Kai Havertz,de GER,FWMF,Chelsea,23-291,1999,22.0,7,52,23,44.2,2.37,1.05,0.12,0.26,12.6,0,1,1,8.5,7.7,0.15,-1.5,-1.7,Matches,fed7cb61
215,Jan Paul van Hecke,nl NED,DF,Brighton,22-294,2000,0.9,0,2,0,0.0,2.17,0.00,0.00,,16.3,0,0,0,0.6,0.6,0.30,-0.6,-0.6,Matches,4fd08daa
216,Hwang Hee-chan,kr KOR,FW,Wolves,27-062,1996,7.9,1,7,4,57.1,0.88,0.51,0.14,0.25,18.9,0,0,0,1.2,1.2,0.18,-0.2,-0.2,Matches,169fd162
217,Dean Henderson,eng ENG,GK,Nott'ham Forest,26-017,1997,18.0,0,0,0,,0.00,0.00,,,,0,0,0,0.0,0.0,,0.0,0.0,Matches,e5a76dfe
218,Jordan Henderson,eng ENG,MF,Liverpool,32-285,1990,14.0,0,14,4,28.6,1.00,0.29,0.00,0.00,22.9,0,0,0,0.7,0.7,0.05,-0.7,-0.7,Matches,935e6b8f
219,Wayne Hennessey,wls WAL,GK,Nott'ham Forest,36-064,1987,2.0,0,0,0,,0.00,0.00,,,,0,0,0,0.0,0.0,,0.0,0.0,Matches,76eca7e2
220,Rico Henry,eng ENG,DF,Brentford,25-264,1997,25.7,0,17,4,23.5,0.66,0.16,0.00,0.00,19.5,0,0,0,1.4,1.4,0.08,-1.4,-1.4,Matches,8a3c1dc7
221,Son Heung-min,kr KOR,MFFW,Tottenham,30-264,1992,22.5,6,62,30,48.4,2.75,1.33,0.10,0.20,18.9,5,0,0,6.6,6.6,0.11,-0.6,-0.6,Matches,92e7e919
222,Aaron Hickey,sct SCO,DF,Brentford,20-292,2002,12.8,0,6,2,33.3,0.47,0.16,0.00,0.00,20.7,0,0,0,0.2,0.2,0.03,-0.2,-0.2,Matches,1780bb4a
223,Joseph Hodge,ie IRL,MF,Wolves,20-196,2002,1.9,0,1,0,0.0,0.53,0.00,0.00,,12.7,0,0,0,0.1,0.1,0.12,-0.1,-0.1,Matches,bd8a5d95
224,Rob Holding,eng ENG,DF,Arsenal,27-190,1995,1.2,0,1,0,0.0,0.82,0.00,0.00,,16.5,0,0,0,0.0,0.0,0.03,0.0,0.0,Matches,d79a8c87
225,Mason Holgate,eng ENG,DFMF,Everton,26-158,1996,4.1,0,3,0,0.0,0.74,0.00,0.00,,14.0,0,0,0,0.3,0.3,0.10,-0.3,-0.3,Matches,d0042ab9
226,Will Hughes,eng ENG,MF,Crystal Palace,27-346,1995,4.6,0,2,2,100.0,0.43,0.43,0.00,0.00,14.3,0,0,0,0.1,0.1,0.07,-0.1,-0.1,Matches,a0666d3e
227,Omari Hutchinson,eng ENG,FW,Chelsea,19-150,2003,0.3,0,0,0,,0.00,0.00,,,,0,0,0,0.0,0.0,,0.0,0.0,Matches,bd9553e6
228,Pierre Højbjerg,dk DEN,MF,Tottenham,27-236,1995,26.8,4,26,8,30.8,0.97,0.30,0.15,0.50,21.7,0,0,0,1.6,1.6,0.06,+2.4,+2.4,Matches,8b04d6c1
229,Kelechi Iheanacho,ng NGA,FWMF,Leicester City,26-177,1996,8.3,3,28,8,28.6,3.39,0.97,0.11,0.38,16.5,0,0,0,4.4,4.4,0.16,-1.4,-1.4,Matches,c92e1a31
230,Danny Ings,eng ENG,FW,West Ham,30-249,1992,3.7,2,7,2,28.6,1.91,0.55,0.29,1.00,8.9,0,0,0,2.0,2.0,0.29,0.0,0.0,Matches,07802f7f
231,Danny Ings,eng ENG,FW,Aston Villa,30-249,1992,9.2,6,25,12,48.0,2.73,1.31,0.16,0.33,15.5,0,2,2,5.3,3.8,0.15,+0.7,+0.2,Matches,07802f7f
232,Alexander Isak,se SWE,FW,Newcastle Utd,23-189,1999,6.9,6,22,12,54.5,3.18,1.73,0.18,0.33,13.8,0,2,2,5.5,4.0,0.18,+0.5,0.0,Matches,8e92be30
233,Daniel Iversen,dk DEN,GK,Leicester City,25-253,1997,1.0,0,0,0,,0.00,0.00,,,,0,0,0,0.0,0.0,,0.0,0.0,Matches,10d221cd
234,Alex Iwobi,ng NGA,MFFW,Everton,26-330,1996,27.5,1,25,9,36.0,0.91,0.33,0.04,0.11,20.5,0,0,0,1.8,1.8,0.07,-0.8,-0.8,Matches,6ca5ec4b
235,Daniel James,wls WAL,FW,Leeds United,25-139,1997,2.2,0,3,1,33.3,1.36,0.45,0.00,0.00,17.6,0,0,0,0.3,0.3,0.09,-0.3,-0.3,Matches,c931d9f9
236,Daniel James,wls WAL,FW,Fulham,25-139,1997,4.2,1,10,2,20.0,2.39,0.48,0.10,0.50,13.5,0,0,0,1.3,1.3,0.13,-0.3,-0.3,Matches,c931d9f9
237,Reece James,eng ENG,DFMF,Chelsea,23-111,1999,10.4,1,13,4,30.8,1.24,0.38,0.08,0.25,22.0,2,0,0,0.9,0.9,0.07,+0.1,+0.1,Matches,1265a93a
238,Vitaly Janelt,de GER,MFDF,Brentford,24-323,1998,17.6,3,11,5,45.5,0.63,0.28,0.27,0.60,16.5,0,0,0,2.2,2.2,0.20,+0.8,+0.8,Matches,8449d35e
239,Pontus Jansson,se SWE,DF,Brentford,32-044,1991,5.9,0,1,0,0.0,0.17,0.00,0.00,,15.4,0,0,0,0.0,0.0,0.02,0.0,0.0,Matches,172e52d8
240,Mathias Jensen,dk DEN,MF,Brentford,27-087,1996,23.0,5,17,6,35.3,0.74,0.26,0.29,0.83,21.3,2,0,0,1.7,1.7,0.10,+3.3,+3.3,Matches,0f134faf
241,Gabriel Jesus,br BRA,FW,Arsenal,25-360,1997,14.0,5,52,21,40.4,3.72,1.50,0.10,0.24,10.8,0,0,0,8.1,8.1,0.16,-3.1,-3.1,Matches,b66315ae
242,Raúl Jiménez,mx MEX,FW,Wolves,31-328,1991,8.3,0,20,9,45.0,2.42,1.09,0.00,0.00,14.5,0,0,0,2.6,2.6,0.13,-2.6,-2.6,Matches,b561db50
243,Joelinton,br BRA,MFFW,Newcastle Utd,26-227,1996,20.6,2,33,12,36.4,1.61,0.58,0.06,0.17,14.6,0,0,0,3.4,3.4,0.10,-1.4,-1.4,Matches,c17bfb65
244,Ben Johnson,eng ENG,DF,West Ham,23-064,2000,8.3,0,1,0,0.0,0.12,0.00,0.00,,25.9,0,0,0,0.0,0.0,0.03,0.0,0.0,Matches,9319781b
245,Brennan Johnson,wls WAL,FWMF,Nott'ham Forest,21-310,2001,24.6,7,42,21,50.0,1.71,0.85,0.14,0.29,16.7,0,1,2,6.8,5.3,0.13,+0.2,+0.7,Matches,0cd31129
246,Curtis Jones,eng ENG,MFFW,Liverpool,22-058,2001,2.2,0,4,1,25.0,1.85,0.46,0.00,0.00,17.1,0,0,0,0.2,0.2,0.05,-0.2,-0.2,Matches,4fb9c88f
247,Jorginho,it ITA,MF,Arsenal,31-099,1991,3.9,0,3,0,0.0,0.76,0.00,0.00,,20.7,0,0,0,0.1,0.1,0.04,-0.1,-0.1,Matches,45db685d
248,Jorginho,it ITA,MF,Chelsea,31-099,1991,14.2,2,3,1,33.3,0.21,0.07,0.00,0.00,34.1,0,2,2,1.7,0.1,0.04,+0.3,-0.1,Matches,45db685d
249,Mateo Joseph,eng ENG,FWMF,Leeds United,19-161,2003,0.3,0,1,1,100.0,3.46,3.46,0.00,0.00,15.4,0,0,0,0.1,0.1,0.12,-0.1,-0.1,Matches,6ad43f9a
250,Diogo Jota,pt POR,FWMF,Liverpool,26-115,1996,5.0,0,15,3,20.0,2.99,0.60,0.00,0.00,11.2,0,0,0,2.1,2.1,0.14,-2.1,-2.1,Matches,178ae8f8
251,Hamed Junior Traorè,ci CIV,MFFW,Bournemouth,23-041,2000,3.7,0,3,0,0.0,0.80,0.00,0.00,,22.8,1,0,0,0.2,0.2,0.07,-0.2,-0.2,Matches,570bb4b9
252,James Justin,eng ENG,DF,Leicester City,25-034,1998,13.9,0,5,0,0.0,0.36,0.00,0.00,,23.4,0,0,0,0.3,0.3,0.06,-0.3,-0.3,Matches,fb614c44
253,Mathias Jørgensen,dk DEN,DF,Brentford,32-340,1990,8.3,0,3,1,33.3,0.36,0.12,0.00,0.00,8.5,0,0,0,0.5,0.5,0.16,-0.5,-0.5,Matches,0db5d2c8
254,Sasa Kalajdzic,at AUT,FW,Wolves,25-265,1997,0.5,0,1,0,0.0,2.00,0.00,0.00,,4.4,0,0,0,0.3,0.3,0.27,-0.3,-0.3,Matches,15f24fe7
255,Boubacar Kamara,fr FRA,MF,Aston Villa,23-126,1999,16.9,0,4,1,25.0,0.24,0.06,0.00,0.00,29.7,0,0,0,0.2,0.2,0.05,-0.2,-0.2,Matches,cc77354e
256,Harry Kane,eng ENG,FW,Tottenham,29-244,1993,27.8,21,96,40,41.7,3.45,1.44,0.19,0.45,15.7,3,3,4,15.6,12.5,0.13,+5.4,+5.5,Matches,21a66f6a
257,N'Golo Kanté,fr FRA,MF,Chelsea,32-000,1991,1.9,0,2,1,50.0,1.03,0.52,0.00,0.00,21.9,0,0,0,0.1,0.1,0.05,-0.1,-0.1,Matches,b9fbae28
258,Michael Keane,eng ENG,DF,Everton,30-077,1993,4.3,0,5,1,20.0,1.17,0.23,0.00,0.00,12.0,0,0,0,0.7,0.7,0.15,-0.7,-0.7,Matches,c5b7c315
259,Neeskens Kebano,cd COD,FW,Fulham,31-019,1992,7.9,0,9,2,22.2,1.14,0.25,0.00,0.00,15.2,0,0,0,0.5,0.5,0.05,-0.5,-0.5,Matches,18b999f4
260,Thilo Kehrer,de GER,DF,West Ham,26-189,1996,18.5,0,7,1,14.3,0.38,0.05,0.00,0.00,19.7,0,0,0,0.4,0.4,0.06,-0.4,-0.4,Matches,51dbeea9
261,Naby Keïta,gn GUI,MF,Liverpool,28-047,1995,3.3,0,10,0,0.0,3.07,0.00,0.00,,20.6,0,0,0,0.6,0.6,0.06,-0.6,-0.6,Matches,f25c8e3a
262,Lloyd Kelly,eng ENG,DF,Bournemouth,24-174,1998,12.0,0,2,0,0.0,0.17,0.00,0.00,,8.7,0,0,0,0.1,0.1,0.07,-0.1,-0.1,Matches,f31def1e
263,Max Kilman,eng ENG,DF,Wolves,25-310,1997,28.0,0,9,0,0.0,0.32,0.00,0.00,,8.8,0,0,0,1.0,1.0,0.11,-1.0,-1.0,Matches,d0f72bf1
264,Jakub Kiwior,pl POL,DF,Arsenal,23-042,2000,0.1,0,0,0,,0.00,0.00,,,,0,0,0,0.0,0.0,,0.0,0.0,Matches,dc3e663e
265,Mateusz Klich,pl POL,MFFW,Leeds United,32-289,1990,3.1,0,4,1,25.0,1.29,0.32,0.00,0.00,21.7,0,0,0,0.2,0.2,0.04,-0.2,-0.2,Matches,282679b4
266,Robin Koch,de GER,DF,Leeds United,26-255,1996,25.5,0,8,1,12.5,0.31,0.04,0.00,0.00,10.8,0,0,0,0.7,0.7,0.08,-0.7,-0.7,Matches,ea6bc03a
267,Ibrahima Konaté,fr FRA,DF,Liverpool,23-308,1999,7.2,0,5,1,20.0,0.69,0.14,0.00,0.00,9.0,0,0,0,0.5,0.5,0.10,-0.5,-0.5,Matches,5ed9b537
268,Ezri Konsa,eng ENG,DF,Aston Villa,25-157,1997,25.9,0,7,0,0.0,0.27,0.00,0.00,,8.5,0,0,0,0.8,0.8,0.12,-0.8,-0.8,Matches,0313a347
269,Kalidou Koulibaly,sn SEN,DF,Chelsea,31-282,1991,16.9,2,9,4,44.4,0.53,0.24,0.22,0.50,12.5,0,0,0,0.8,0.8,0.09,+1.2,+1.2,Matches,da974c7b
270,Cheikhou Kouyaté,sn SEN,MFDF,Nott'ham Forest,33-098,1989,7.8,1,5,5,100.0,0.64,0.64,0.20,0.20,17.1,0,0,0,0.3,0.3,0.07,+0.7,+0.7,Matches,8d3c902d
271,Mateo Kovačić,hr CRO,MF,Chelsea,28-327,1994,13.0,1,16,1,6.3,1.23,0.08,0.06,1.00,23.9,0,0,0,0.7,0.7,0.04,+0.3,+0.3,Matches,79c0821a
272,Emil Krafth,se SWE,DF,Newcastle Utd,28-239,1994,0.0,0,0,0,,0.00,0.00,,,,0,0,0,0.0,0.0,,0.0,0.0,Matches,77cf6852
273,Dejan Kulusevski,se SWE,MFFW,Tottenham,22-338,2000,16.3,2,30,8,26.7,1.85,0.49,0.07,0.25,17.7,0,0,0,1.8,1.8,0.06,+0.2,+0.2,Matches,df3cda47
274,Layvin Kurzawa,fr FRA,DF,Fulham,30-206,1992,1.5,0,0,0,,0.00,0.00,,,,0,0,0,0.0,0.0,,0.0,0.0,Matches,41e7ef1c
275,Adam Lallana,eng ENG,MFFW,Brighton,34-323,1988,8.0,2,8,5,62.5,1.00,0.62,0.25,0.40,13.3,0,0,0,0.9,0.9,0.11,+1.1,+1.1,Matches,99813635
276,Tariq Lamptey,gh GHA,DF,Brighton,22-180,2000,5.0,0,5,0,0.0,0.99,0.00,0.00,,20.1,0,0,0,0.2,0.2,0.04,-0.2,-0.2,Matches,f4e433d4
277,Manuel Lanzini,ar ARG,MFFW,West Ham,30-042,1993,1.7,0,2,0,0.0,1.20,0.00,0.00,,31.0,0,0,0,0.1,0.1,0.03,-0.1,-0.1,Matches,26f6dca8
278,Aymeric Laporte,es ESP,DF,Manchester City,28-306,1994,6.2,0,9,1,11.1,1.46,0.16,0.00,0.00,15.3,0,0,0,0.4,0.4,0.04,-0.4,-0.4,Matches,119b9a8e
279,Juan Larios,es ESP,DF,Southampton,19-076,2004,1.7,0,0,0,,0.00,0.00,,,,0,0,0,0.0,0.0,,0.0,0.0,Matches,cf7fb13a
280,Jamaal Lascelles,eng ENG,DF,Newcastle Utd,29-138,1993,2.2,0,1,0,0.0,0.46,0.00,0.00,,8.5,0,0,0,0.1,0.1,0.07,-0.1,-0.1,Matches,450ab6fc
281,Roméo Lavia,be BEL,MF,Southampton,19-082,2004,15.2,1,7,2,28.6,0.46,0.13,0.14,0.50,26.2,0,0,0,0.3,0.3,0.04,+0.7,+0.7,Matches,ecad9aa5
282,Dexter Lembikisa,jm JAM,DF,Wolves,19-145,2003,0.3,0,0,0,,0.00,0.00,,,,0,0,0,0.0,0.0,,0.0,0.0,Matches,0bdda685
283,Mario Lemina,ga GAB,MF,Wolves,29-209,1993,6.6,0,3,0,0.0,0.45,0.00,0.00,,25.9,0,0,0,0.1,0.1,0.04,-0.1,-0.1,Matches,2b471f99
284,Clément Lenglet,fr FRA,DF,Tottenham,27-285,1995,15.2,0,11,2,18.2,0.72,0.13,0.00,0.00,15.9,0,0,0,0.8,0.8,0.08,-0.8,-0.8,Matches,4f28a6ff
285,Bernd Leno,de GER,GK,Fulham,31-025,1992,25.0,0,0,0,,0.00,0.00,,,,0,0,0,0.0,0.0,,0.0,0.0,Matches,2628fd2b
286,Jefferson Lerma,co COL,MFDF,Bournemouth,28-155,1994,25.3,3,21,4,19.0,0.83,0.16,0.14,0.75,15.8,0,0,0,1.6,1.6,0.08,+1.4,+1.4,Matches,9b5ce51a
287,Jamal Lewis,nir NIR,DF,Newcastle Utd,25-063,1998,0.1,0,0,0,,0.00,0.00,,,,0,0,0,0.0,0.0,,0.0,0.0,Matches,efb9215a
288,Rico Lewis,eng ENG,DFMF,Manchester City,18-128,2004,6.0,0,3,1,33.3,0.50,0.17,0.00,0.00,19.8,0,0,0,0.1,0.1,0.04,-0.1,-0.1,Matches,b57e066e
289,Keane Lewis-Potter,eng ENG,FWMF,Brentford,22-035,2001,3.6,0,7,2,28.6,1.96,0.56,0.00,0.00,14.1,0,0,0,0.5,0.5,0.07,-0.5,-0.5,Matches,41f08ac8
290,Victor Lindelöf,se SWE,DF,Manchester Utd,28-255,1994,6.0,0,0,0,,0.00,0.00,,,,0,0,0,0.0,0.0,,0.0,0.0,Matches,f5deef4c
291,Jesse Lingard,eng ENG,FWMF,Nott'ham Forest,30-104,1992,10.2,0,10,2,20.0,0.98,0.20,0.00,0.00,19.3,0,0,0,1.0,1.0,0.10,-1.0,-1.0,Matches,810e3c74
292,Diego Llorente,es ESP,DF,Leeds United,29-225,1993,7.2,0,6,0,0.0,0.83,0.00,0.00,,12.5,0,0,0,0.7,0.7,0.12,-0.7,-0.7,Matches,bba30585
293,Hugo Lloris,fr FRA,GK,Tottenham,36-093,1986,21.0,0,0,0,,0.00,0.00,,,,0,0,0,0.0,0.0,,0.0,0.0,Matches,8f62b6ee
294,Renan Lodi,br BRA,DF,Nott'ham Forest,24-355,1998,16.9,0,10,0,0.0,0.59,0.00,0.00,,20.7,2,0,0,0.7,0.7,0.07,-0.7,-0.7,Matches,ed9f7cfe
295,Ruben Loftus-Cheek,eng ENG,MFDF,Chelsea,27-065,1996,14.0,0,9,2,22.2,0.64,0.14,0.00,0.00,18.6,0,0,0,0.8,0.8,0.09,-0.8,-0.8,Matches,e97fd090
296,Sean Longstaff,eng ENG,MF,Newcastle Utd,25-150,1997,22.4,1,23,6,26.1,1.03,0.27,0.04,0.17,16.4,0,0,0,2.6,2.6,0.11,-1.6,-1.6,Matches,a2b105e0
297,Jamal Lowe,jm JAM,MFFW,Bournemouth,28-251,1994,0.1,0,0,0,,0.00,0.00,,,,0,0,0,0.0,0.0,,0.0,0.0,Matches,b2856bc0
298,Douglas Luiz,br BRA,MF,Aston Villa,24-324,1998,21.7,3,23,8,34.8,1.06,0.37,0.13,0.38,25.0,3,0,0,1.8,1.8,0.08,+1.2,+1.2,Matches,6f7d826d
299,Saša Lukić,rs SRB,MF,Fulham,26-228,1996,2.3,0,2,0,0.0,0.86,0.00,0.00,,29.1,0,0,0,0.0,0.0,0.02,0.0,0.0,Matches,c6e8cf1f
300,Lyanco,br BRA,DF,Southampton,26-056,1997,7.8,0,8,3,37.5,1.03,0.39,0.00,0.00,21.4,0,0,0,0.3,0.3,0.03,-0.3,-0.3,Matches,b5bf1770
301,Alexis Mac Allister,ar ARG,MF,Brighton,24-095,1998,21.2,7,49,18,36.7,2.32,0.85,0.06,0.17,23.0,8,4,4,7.8,4.6,0.09,-0.8,-1.6,Matches,83d074ff
302,James Maddison,eng ENG,MFFW,Leicester City,26-126,1996,18.1,9,58,18,31.0,3.20,0.99,0.16,0.50,21.3,9,0,0,4.2,4.2,0.07,+4.8,+4.8,Matches,ee38d9c5
303,Noni Madueke,eng ENG,FW,Chelsea,21-019,2002,2.0,0,3,2,66.7,1.48,0.99,0.00,0.00,18.4,0,0,0,0.1,0.1,0.04,-0.1,-0.1,Matches,bf34eebd
304,Harry Maguire,eng ENG,DF,Manchester Utd,30-024,1993,5.4,0,2,0,0.0,0.37,0.00,0.00,,7.2,0,0,0,0.3,0.3,0.16,-0.3,-0.3,Matches,d8931174
305,Riyad Mahrez,dz ALG,FWMF,Manchester City,32-036,1991,11.8,5,27,9,33.3,2.29,0.76,0.15,0.44,16.8,3,1,1,4.6,3.9,0.14,+0.4,+0.1,Matches,892d5bb1
306,Kobbie Mainoo,eng ENG,MF,Manchester Utd,17-344,2005,0.1,0,0,0,,0.00,0.00,,,,0,0,0,0.0,0.0,,0.0,0.0,Matches,c6220452
307,Ainsley Maitland-Niles,eng ENG,DFMF,Southampton,25-212,1997,10.7,0,1,1,100.0,0.09,0.09,0.00,0.00,31.4,0,0,0,0.0,0.0,0.02,0.0,0.0,Matches,e3a5814e
308,Tyrell Malacia,nl NED,DF,Manchester Utd,23-224,1999,10.2,0,3,1,33.3,0.29,0.10,0.00,0.00,20.7,0,0,0,0.2,0.2,0.06,-0.2,-0.2,Matches,6b6c793c
309,Orel Mangala,be BEL,MF,Nott'ham Forest,25-011,1998,8.4,0,6,1,16.7,0.71,0.12,0.00,0.00,21.6,0,0,0,0.3,0.3,0.05,-0.3,-0.3,Matches,a572e291
310,Javier Manquillo,es ESP,DF,Newcastle Utd,28-328,1994,0.1,0,0,0,,0.00,0.00,,,,0,0,0,0.0,0.0,,0.0,0.0,Matches,758dd7f0
311,Sekou Mara,fr FRA,FWMF,Southampton,20-242,2002,5.0,0,16,3,18.8,3.19,0.60,0.00,0.00,16.3,0,0,0,0.9,0.9,0.06,-0.9,-0.9,Matches,3544641e
312,Solly March,eng ENG,FWDF,Brighton,28-252,1994,23.9,7,55,23,41.8,2.30,0.96,0.13,0.30,16.1,1,0,0,6.5,6.5,0.12,+0.5,+0.5,Matches,bb5fbd2b
313,Emiliano Marcondes,dk DEN,MF,Bournemouth,28-020,1995,0.1,0,0,0,,0.00,0.00,,,,0,0,0,0.0,0.0,,0.0,0.0,Matches,4d960fc3
314,Marquinhos,br BRA,MF,Arsenal,19-356,2003,0.0,0,0,0,,0.00,0.00,,,,0,0,0,0.0,0.0,,0.0,0.0,Matches,59878425
315,Anthony Martial,fr FRA,FW,Manchester Utd,27-114,1995,5.1,3,11,5,45.5,2.16,0.98,0.18,0.40,12.9,0,1,1,3.2,2.4,0.22,-0.2,-0.4,Matches,8b788c01
316,Martinelli,br BRA,FW,Arsenal,21-284,2001,25.0,13,67,25,37.3,2.68,1.00,0.19,0.52,15.5,2,0,0,7.9,7.9,0.12,+5.1,+5.1,Matches,48a5a5d6
317,Emiliano Martínez,ar ARG,GK,Aston Villa,30-208,1992,24.4,0,0,0,,0.00,0.00,,,,0,0,0,0.0,0.0,,0.0,0.0,Matches,7956236f
318,Lisandro Martínez,ar ARG,DF,Manchester Utd,25-070,1998,20.6,1,8,1,12.5,0.39,0.05,0.13,1.00,13.9,0,0,0,0.4,0.4,0.05,+0.6,+0.6,Matches,bac46a10
319,Pape Matar Sarr,sn SEN,MF,Tottenham,20-196,2002,1.6,0,2,0,0.0,1.25,0.00,0.00,,27.3,0,0,0,0.1,0.1,0.03,-0.1,-0.1,Matches,feb5d972
320,Jean-Philippe Mateta,fr FRA,FW,Crystal Palace,25-274,1997,7.7,1,23,6,26.1,2.97,0.78,0.04,0.17,12.6,0,0,0,2.5,2.5,0.11,-1.5,-1.5,Matches,50e6dc35
321,Joël Matip,cm CMR,DF,Liverpool,31-233,1991,9.1,0,1,1,100.0,0.11,0.11,0.00,0.00,10.6,0,0,0,0.1,0.1,0.06,-0.1,-0.1,Matches,b217ef29
322,Neal Maupay,fr FRA,FW,Everton,26-227,1996,10.5,1,27,11,40.7,2.57,1.05,0.04,0.09,15.0,0,0,0,3.8,3.8,0.14,-2.8,-2.8,Matches,4bcf39f6
323,Kevin Mbabu,ch SUI,DFFW,Fulham,27-344,1995,1.6,0,0,0,,0.00,0.00,,,,0,0,0,0.0,0.0,,0.0,0.0,Matches,493924a7
324,Bryan Mbeumo,cm CMR,FW,Brentford,23-234,1999,23.2,5,46,20,43.5,1.98,0.86,0.09,0.20,16.8,1,1,1,6.8,6.0,0.13,-1.8,-2.0,Matches,6afaebf2
325,James McArthur,sct SCO,MF,Crystal Palace,35-173,1987,0.1,0,0,0,,0.00,0.00,,,,0,0,0,0.0,0.0,,0.0,0.0,Matches,cee31595
326,John McGinn,sct SCO,MF,Aston Villa,28-162,1994,18.9,0,27,7,25.9,1.43,0.37,0.00,0.00,23.0,0,0,0,1.7,1.7,0.06,-1.7,-1.7,Matches,90f91999
327,Scott McKenna,sct SCO,DF,Nott'ham Forest,26-137,1996,16.2,0,2,0,0.0,0.12,0.00,0.00,,8.2,0,0,0,0.1,0.1,0.04,-0.1,-0.1,Matches,4e5a4cbc
328,Weston McKennie,us USA,MF,Leeds United,24-213,1998,6.4,0,5,0,0.0,0.78,0.00,0.00,,13.7,0,0,0,0.4,0.4,0.08,-0.4,-0.4,Matches,01c3aff5
329,Dwight McNeil,eng ENG,FWMF,Everton,23-127,1999,17.8,3,26,5,19.2,1.46,0.28,0.12,0.60,19.9,1,0,0,1.3,1.3,0.05,+1.7,+1.7,Matches,fc15fb84
330,Scott McTominay,sct SCO,MF,Manchester Utd,26-111,1996,9.6,0,7,3,42.9,0.73,0.31,0.00,0.00,14.2,0,0,0,0.8,0.8,0.11,-0.8,-0.8,Matches,d93c2511
331,Ben Mee,eng ENG,DF,Brentford,33-189,1989,25.4,3,18,4,22.2,0.71,0.16,0.17,0.75,10.5,0,0,0,1.8,1.8,0.10,+1.2,+1.2,Matches,8df7a2fb
332,Edouard Mendy,sn SEN,GK,Chelsea,31-028,1992,8.5,0,0,0,,0.00,0.00,,,,0,0,0,0.0,0.0,,0.0,0.0,Matches,33887998
333,Nampalys Mendy,sn SEN,MF,Leicester City,30-279,1992,6.8,1,2,1,50.0,0.30,0.15,0.50,1.00,21.1,0,0,0,0.1,0.1,0.07,+0.9,+0.9,Matches,1598599e
334,Chris Mepham,wls WAL,DF,Bournemouth,25-144,1997,19.4,0,6,2,33.3,0.31,0.10,0.00,0.00,11.8,0,0,0,0.3,0.3,0.06,-0.3,-0.3,Matches,fed96827
335,Illan Meslier,fr FRA,GK,Leeds United,23-027,2000,27.0,0,1,1,100.0,0.04,0.04,0.00,0.00,9.0,0,0,0,0.1,0.1,0.12,-0.1,-0.1,Matches,6b625ac2
336,Alexander Mighten,eng ENG,FW,Nott'ham Forest,20-352,2002,0.1,0,0,0,,0.00,0.00,,,,0,0,0,0.0,0.0,,0.0,0.0,Matches,10ec4169
337,Luka Milivojević,rs SRB,MF,Crystal Palace,31-356,1991,4.6,0,5,0,0.0,1.08,0.00,0.00,,25.4,1,0,0,0.2,0.2,0.05,-0.2,-0.2,Matches,2ce2508a
338,James Milner,eng ENG,DFMF,Liverpool,37-084,1986,8.0,0,6,1,16.7,0.75,0.13,0.00,0.00,16.2,0,0,0,0.4,0.4,0.06,-0.4,-0.4,Matches,2f90f6b8
339,Yerry Mina,co COL,DF,Everton,28-187,1994,2.6,1,3,2,66.7,1.15,0.77,0.33,0.50,12.4,0,0,0,0.2,0.2,0.08,+0.8,+0.8,Matches,6d5701f2
340,Tyrone Mings,eng ENG,DF,Aston Villa,30-016,1993,24.0,0,3,1,33.3,0.12,0.04,0.00,0.00,10.2,0,0,0,0.5,0.5,0.15,-0.5,-0.5,Matches,8397a50c
341,Tyrick Mitchell,eng ENG,DF,Crystal Palace,23-209,1999,22.1,0,3,1,33.3,0.14,0.05,0.00,0.00,11.3,0,0,0,0.3,0.3,0.11,-0.3,-0.3,Matches,5cbd1eb0
342,Kaoru Mitoma,jp JPN,FWMF,Brighton,25-313,1997,14.1,6,23,13,56.5,1.63,0.92,0.26,0.46,12.8,0,0,0,3.2,3.2,0.14,+2.8,+2.8,Matches,74618572
343,Aleksandar Mitrović,rs SRB,FW,Fulham,28-194,1994,20.1,11,80,25,31.3,3.97,1.24,0.10,0.32,15.1,0,3,6,12.3,7.6,0.10,-1.3,+0.4,Matches,3925dbd6
344,Kieffer Moore,wls WAL,FW,Bournemouth,30-233,1992,12.4,4,17,6,35.3,1.37,0.48,0.24,0.67,11.0,0,0,0,3.2,3.2,0.19,+0.8,+0.8,Matches,01ce9e70
345,Andrew Moran,ie IRL,FW,Brighton,19-165,2003,0.1,0,0,0,,0.00,0.00,,,,0,0,0,0.0,0.0,,0.0,0.0,Matches,c4720845
346,Álex Moreno,es ESP,DF,Aston Villa,29-294,1993,6.4,0,7,2,28.6,1.09,0.31,0.00,0.00,19.6,0,0,0,0.3,0.3,0.05,-0.3,-0.3,Matches,16e9d0ea
347,Mason Mount,eng ENG,MFFW,Chelsea,24-078,1999,18.1,3,32,9,28.1,1.77,0.50,0.09,0.33,19.4,2,0,0,2.0,2.0,0.06,+1.0,+1.0,Matches,9674002f
348,Lucas Moura,br BRA,MFDF,Tottenham,30-228,1992,1.3,0,1,0,0.0,0.75,0.00,0.00,,11.9,0,0,0,0.1,0.1,0.09,-0.1,-0.1,Matches,2b622f01
349,João Moutinho,pt POR,MF,Wolves,36-202,1986,18.4,0,15,3,20.0,0.82,0.16,0.00,0.00,19.0,3,0,0,1.2,1.2,0.08,-1.2,-1.2,Matches,f5a00fa4
350,Divin Mubama,eng ENG,FW,West Ham,18-155,2004,0.0,0,0,0,,0.00,0.00,,,,0,0,0,0.0,0.0,,0.0,0.0,Matches,92868cb5
351,Mykhailo Mudryk,ua UKR,FW,Chelsea,22-083,2001,2.9,0,4,0,0.0,1.37,0.00,0.00,,17.4,0,0,0,0.5,0.5,0.12,-0.5,-0.5,Matches,049a888d
352,Jacob Murphy,eng ENG,FW,Newcastle Utd,28-033,1995,8.5,1,16,6,37.5,1.88,0.71,0.06,0.17,17.6,0,0,0,1.1,1.1,0.07,-0.1,-0.1,Matches,de112b84
353,Enock Mwepu,zm ZAM,FWMF,Brighton,25-087,1998,2.4,0,2,1,50.0,0.85,0.42,0.00,0.00,16.7,0,0,0,0.2,0.2,0.11,-0.2,-0.2,Matches,1d5cab82
354,Vitaliy Mykolenko,ua UKR,DFMF,Everton,23-304,1999,23.8,0,8,3,37.5,0.34,0.13,0.00,0.00,22.1,0,0,0,0.4,0.4,0.05,-0.4,-0.4,Matches,30d4a2e5
355,Keylor Navas,cr CRC,GK,Nott'ham Forest,36-104,1986,7.0,0,0,0,,0.00,0.00,,,,0,0,0,0.0,0.0,,0.0,0.0,Matches,ecada4fc
356,Wilfred Ndidi,ng NGA,MFDF,Leicester City,26-103,1996,11.9,0,5,2,40.0,0.42,0.17,0.00,0.00,23.6,0,0,0,0.2,0.2,0.03,-0.2,-0.2,Matches,6b47c5db
357,Reiss Nelson,eng ENG,FW,Arsenal,23-109,1999,1.2,3,6,5,83.3,5.09,4.25,0.50,0.60,16.9,1,0,0,0.7,0.7,0.13,+2.3,+2.3,Matches,c5bdb6e3
358,Neto,br BRA,GK,Bournemouth,33-253,1989,16.5,0,0,0,,0.00,0.00,,,,0,0,0,0.0,0.0,,0.0,0.0,Matches,a9dc785c
359,Pedro Neto,pt POR,FWMF,Wolves,23-020,2000,8.2,0,13,3,23.1,1.59,0.37,0.00,0.00,19.8,1,0,0,1.0,1.0,0.07,-1.0,-1.0,Matches,7ba2eaa9
360,Rúben Neves,pt POR,MF,Wolves,26-016,1997,26.6,5,53,11,20.8,1.99,0.41,0.06,0.27,26.3,8,2,2,4.1,2.5,0.05,+0.9,+0.5,Matches,44bfb6c5
361,Moussa Niakhate,sn SEN,DF,Nott'ham Forest,27-021,1996,2.8,0,3,2,66.7,1.08,0.72,0.00,0.00,8.5,0,0,0,0.3,0.3,0.09,-0.3,-0.3,Matches,00242715
362,Rasmus Nissen,dk DEN,DF,Leeds United,25-261,1997,13.4,1,8,2,25.0,0.60,0.15,0.13,0.50,14.1,0,0,0,0.4,0.4,0.05,+0.6,+0.6,Matches,39769cff
363,Eddie Nketiah,eng ENG,FW,Arsenal,23-303,1999,11.1,4,40,14,35.0,3.60,1.26,0.10,0.29,11.4,0,0,0,7.4,7.4,0.19,-3.4,-3.4,Matches,a53649b7
364,Matheus Nunes,pt POR,MF,Wolves,24-214,1998,18.8,0,23,6,26.1,1.22,0.32,0.00,0.00,17.8,0,0,0,2.0,2.0,0.09,-2.0,-2.0,Matches,e6af02e0
365,Darwin Núñez,uy URU,FW,Liverpool,23-278,1999,15.0,8,76,31,40.8,5.08,2.07,0.11,0.26,15.0,0,0,0,10.3,10.3,0.14,-2.3,-2.3,Matches,4d77b365
366,Ethan Nwaneri,eng ENG,FW,Arsenal,16-008,2007,0.0,0,0,0,,0.00,0.00,,,,0,0,0,0.0,0.0,,0.0,0.0,Matches,7f94982c
367,Christian Nørgaard,dk DEN,MF,Brentford,29-019,1994,15.4,1,15,7,46.7,0.98,0.46,0.07,0.14,11.8,0,0,0,1.3,1.3,0.09,-0.3,-0.3,Matches,df0a4c90
368,Lewis O'Brien,eng ENG,MF,Nott'ham Forest,24-166,1998,6.5,1,7,2,28.6,1.08,0.31,0.14,0.50,23.8,0,0,0,0.3,0.3,0.05,+0.7,+0.7,Matches,089667a5
369,Angelo Ogbonna,it ITA,DF,West Ham,34-310,1988,7.9,0,2,0,0.0,0.25,0.00,0.00,,14.2,0,0,0,0.2,0.2,0.09,-0.2,-0.2,Matches,74b2cd7e
370,Michael Olise,fr FRA,FWMF,Crystal Palace,21-107,2001,20.6,2,30,7,23.3,1.46,0.34,0.07,0.29,20.9,4,0,0,2.1,2.1,0.07,-0.1,-0.1,Matches,c4486bac
371,Robin Olsen,se SWE,GK,Aston Villa,33-080,1990,2.6,0,0,0,,0.00,0.00,,,,0,0,0,0.0,0.0,,0.0,0.0,Matches,e7ee38c3
372,Amadou Onana,be BEL,MF,Everton,21-225,2001,22.9,1,27,4,14.8,1.18,0.17,0.04,0.25,15.1,0,0,0,2.6,2.6,0.10,-1.6,-1.6,Matches,828657ff
373,Josh Onomah,eng ENG,MF,Fulham,25-336,1997,0.2,0,0,0,,0.00,0.00,,,,0,0,0,0.0,0.0,,0.0,0.0,Matches,6612cd8c
374,Paul Onuachu,ng NGA,FW,Southampton,28-305,1994,3.0,0,5,3,60.0,1.67,1.00,0.00,0.00,15.8,0,0,0,0.2,0.2,0.04,-0.2,-0.2,Matches,c06d1086
375,Frank Onyeka,ng NGA,MF,Brentford,25-087,1998,5.6,0,3,1,33.3,0.53,0.18,0.00,0.00,10.9,0,0,0,0.4,0.4,0.12,-0.4,-0.4,Matches,2944f86f
376,Mislav Oršić,hr CRO,MF,Southampton,30-090,1992,0.1,0,0,0,,0.00,0.00,,,,0,0,0,0.0,0.0,,0.0,0.0,Matches,ee950928
377,Dango Ouattara,bf BFA,MF,Bournemouth,21-046,2002,7.4,0,15,4,26.7,2.03,0.54,0.00,0.00,11.7,0,0,0,2.4,2.4,0.16,-2.4,-2.4,Matches,2f9e4435
378,Alex Oxlade-Chamberlain,eng ENG,FWMF,Liverpool,29-226,1993,3.5,1,7,3,42.9,2.01,0.86,0.14,0.33,16.3,0,0,0,1.3,1.3,0.19,-0.3,-0.3,Matches,38c7feef
379,David Ozoh,,FW,Crystal Palace,17-302,2005,0.0,0,0,0,,0.00,0.00,,,,0,0,0,0.0,0.0,,0.0,0.0,Matches,d00d45ab
380,João Palhinha,pt POR,MF,Fulham,27-263,1995,23.7,3,30,8,26.7,1.26,0.34,0.10,0.38,17.3,0,0,0,2.2,2.2,0.07,+0.8,+0.8,Matches,a78ff07f
381,Cole Palmer,eng ENG,FWMF,Manchester City,20-327,2002,1.3,0,2,0,0.0,1.51,0.00,0.00,,13.8,0,0,0,0.1,0.1,0.04,-0.1,-0.1,Matches,dc7f8a28
382,Emerson Palmieri,it ITA,DF,West Ham,28-238,1994,9.0,1,8,3,37.5,0.89,0.33,0.13,0.33,13.0,0,0,0,0.7,0.7,0.09,+0.3,+0.3,Matches,e0bc6fdc
383,Lucas Paquetá,br BRA,MF,West Ham,25-214,1997,14.6,2,36,8,22.2,2.46,0.55,0.03,0.13,18.8,0,1,1,3.2,2.5,0.07,-1.2,-1.5,Matches,9b6f7fd5
384,Thomas Partey,gh GHA,MF,Arsenal,29-289,1993,20.7,3,25,4,16.0,1.21,0.19,0.12,0.75,19.9,0,0,0,2.0,2.0,0.08,+1.0,+1.0,Matches,529f49ab
385,Nathan Patterson,sct SCO,DFMF,Everton,21-164,2001,11.0,0,8,1,12.5,0.73,0.09,0.00,0.00,18.2,0,0,0,0.5,0.5,0.06,-0.5,-0.5,Matches,230f0471
386,Ben Pearson,eng ENG,MF,Bournemouth,28-084,1995,3.2,0,2,1,50.0,0.63,0.31,0.00,0.00,25.2,0,0,0,0.0,0.0,0.02,0.0,0.0,Matches,a6b461e7
387,Facundo Pellistri,uy URU,FWMF,Manchester Utd,21-099,2001,0.5,0,0,0,,0.00,0.00,,,,0,0,0,0.0,0.0,,0.0,0.0,Matches,ac7e7b1c
388,Andreas Pereira,br BRA,MF,Fulham,27-087,1996,24.9,2,41,14,34.1,1.65,0.56,0.02,0.07,21.8,11,1,1,4.8,4.0,0.10,-2.8,-3.0,Matches,6639e500
389,Ricardo Pereira,pt POR,DFMF,Leicester City,29-174,1993,3.1,0,1,0,0.0,0.32,0.00,0.00,,19.9,0,0,0,0.1,0.1,0.06,-0.1,-0.1,Matches,75a72a99
390,Ayoze Pérez,es ESP,MFFW,Leicester City,29-243,1993,4.2,0,8,2,25.0,1.88,0.47,0.00,0.00,15.9,0,0,0,1.1,1.1,0.14,-1.1,-1.1,Matches,819aa8e7
391,Ivan Perišić,hr CRO,DFMF,Tottenham,34-055,1989,17.5,1,20,5,25.0,1.14,0.29,0.05,0.20,14.1,1,0,0,2.1,2.1,0.10,-1.1,-1.1,Matches,6fe90922
392,Romain Perraud,fr FRA,DF,Southampton,25-188,1997,17.9,2,27,5,18.5,1.51,0.28,0.07,0.40,21.9,0,0,0,1.2,1.2,0.04,+0.8,+0.8,Matches,6dfd8f05
393,Máximo Perrone,ar ARG,MF,Manchester City,20-081,2003,0.2,0,0,0,,0.00,0.00,,,,0,0,0,0.0,0.0,,0.0,0.0,Matches,53552942
394,Kalvin Phillips,eng ENG,MF,Manchester City,27-117,1995,0.7,0,2,0,0.0,2.95,0.00,0.00,,21.9,0,0,0,0.1,0.1,0.05,-0.1,-0.1,Matches,4f565d77
395,Nathaniel Phillips,eng ENG,DF,Liverpool,26-008,1997,0.7,0,1,0,0.0,1.36,0.00,0.00,,10.8,0,0,0,0.0,0.0,0.04,0.0,0.0,Matches,515ebe8d
396,Jordan Pickford,eng ENG,GK,Everton,29-022,1994,27.0,0,0,0,,0.00,0.00,,,,0,0,0,0.0,0.0,,0.0,0.0,Matches,4806ec67
397,Ethan Pinnock,jm JAM,DF,Brentford,29-304,1993,19.0,1,9,4,44.4,0.47,0.21,0.11,0.25,9.0,0,0,0,1.8,1.8,0.21,-0.8,-0.8,Matches,e541326e
398,Daniel Podence,pt POR,FWMF,Wolves,27-159,1995,16.8,5,37,15,40.5,2.21,0.90,0.14,0.33,16.5,0,0,0,3.4,3.4,0.09,+1.6,+1.6,Matches,7fcc71d8
399,Nick Pope,eng ENG,GK,Newcastle Utd,30-344,1992,25.2,0,0,0,,0.00,0.00,,,,0,0,0,0.0,0.0,,0.0,0.0,Matches,4b40d9ca
400,Pedro Porro,es ESP,DF,Tottenham,23-197,1999,3.7,1,7,2,28.6,1.90,0.54,0.14,0.50,18.7,1,0,0,0.8,0.8,0.11,+0.2,+0.2,Matches,27d0a506
401,Dennis Praet,be BEL,MFFW,Leicester City,28-319,1994,6.0,1,3,1,33.3,0.50,0.17,0.33,1.00,14.8,0,0,0,0.6,0.6,0.19,+0.4,+0.4,Matches,86695068
402,Isaac Price,nir NIR,MF,Everton,19-184,2003,0.4,0,0,0,,0.00,0.00,,,,0,0,0,0.0,0.0,,0.0,0.0,Matches,b9403c99
403,Christian Pulisic,us USA,FWDF,Chelsea,24-192,1998,7.7,1,15,4,26.7,1.96,0.52,0.07,0.25,16.8,0,0,0,1.3,1.3,0.09,-0.3,-0.3,Matches,1bf33a9a
404,Aaron Ramsdale,eng ENG,GK,Arsenal,24-319,1998,28.0,0,0,0,,0.00,0.00,,,,0,0,0,0.0,0.0,,0.0,0.0,Matches,466fb2c5
405,Jacob Ramsey,eng ENG,MFFW,Aston Villa,21-305,2001,18.6,3,16,8,50.0,0.86,0.43,0.19,0.38,18.1,0,0,0,2.0,2.0,0.12,+1.0,+1.0,Matches,1544f145
406,Marcus Rashford,eng ENG,FW,Manchester Utd,25-149,1997,23.6,14,69,32,46.4,2.92,1.35,0.20,0.44,15.6,4,0,0,10.6,10.6,0.15,+3.4,+3.4,Matches,a1d5bd30
407,David Raya,es ESP,GK,Brentford,27-195,1995,27.0,0,1,0,0.0,0.04,0.00,0.00,,9.1,0,0,0,0.1,0.1,0.11,-0.1,-0.1,Matches,98ea5115
408,Tim Ream,us USA,DF,Fulham,35-175,1987,27.0,1,3,2,66.7,0.11,0.07,0.33,0.50,9.8,0,0,0,0.3,0.3,0.09,+0.7,+0.7,Matches,28b40c9c
409,Nathan Redmond,eng ENG,DF,Southampton,29-023,1994,0.0,0,0,0,,0.00,0.00,,,,0,0,0,0.0,0.0,,0.0,0.0,Matches,ab651565
410,Harrison Reed,eng ENG,MF,Fulham,28-061,1995,23.7,2,17,5,29.4,0.72,0.21,0.12,0.40,21.2,0,0,0,1.3,1.3,0.08,+0.7,+0.7,Matches,803ae100
411,Bobby Reid,jm JAM,FWDF,Fulham,30-055,1993,22.9,4,27,10,37.0,1.18,0.44,0.15,0.40,13.4,0,0,0,3.7,3.7,0.14,+0.3,+0.3,Matches,0f7533cd
412,Declan Rice,eng ENG,MF,West Ham,24-074,1999,26.0,2,26,5,19.2,1.00,0.19,0.08,0.40,24.7,0,0,1,1.8,1.0,0.04,+0.2,+1.0,Matches,1c7012b8
413,Chris Richards,us USA,DF,Crystal Palace,23-001,2000,4.0,0,4,0,0.0,1.01,0.00,0.00,,9.1,0,0,0,0.7,0.7,0.18,-0.7,-0.7,Matches,0a3d6d2b
414,Richarlison,br BRA,MFFW,Tottenham,25-323,1997,8.3,0,19,7,36.8,2.28,0.84,0.00,0.00,13.7,0,0,0,2.2,2.2,0.12,-2.2,-2.2,Matches,fa031b34
415,Jaïro Riedewald,nl NED,DFFW,Crystal Palace,26-201,1996,0.5,0,0,0,,0.00,0.00,,,,0,0,0,0.0,0.0,,0.0,0.0,Matches,7a1f2c08
416,Matt Ritchie,sct SCO,FWMF,Newcastle Utd,33-200,1989,0.4,0,0,0,,0.00,0.00,,,,0,0,0,0.0,0.0,,0.0,0.0,Matches,71ef519e
417,Andrew Robertson,sct SCO,DF,Liverpool,29-018,1994,19.7,0,12,2,16.7,0.61,0.10,0.00,0.00,14.6,0,0,0,1.2,1.2,0.11,-1.2,-1.2,Matches,2e4f5f03
418,Antonee Robinson,us USA,DF,Fulham,25-233,1997,23.3,0,1,0,0.0,0.04,0.00,0.00,,27.8,0,0,0,0.0,0.0,0.02,0.0,0.0,Matches,289601e6
419,Marc Roca,es ESP,MF,Leeds United,26-123,1996,18.0,1,21,6,28.6,1.17,0.33,0.05,0.17,23.2,2,0,0,1.1,1.1,0.05,-0.1,-0.1,Matches,da27e268
420,Marek Rodák,sk SVK,GK,Fulham,26-106,1996,2.0,0,0,0,,0.00,0.00,,,,0,0,0,0.0,0.0,,0.0,0.0,Matches,17acc2ed
421,Rodri,es ESP,MF,Manchester City,26-280,1996,24.9,2,42,11,26.2,1.69,0.44,0.05,0.18,17.3,0,0,0,3.9,3.9,0.09,-1.9,-1.9,Matches,6434f10d
422,Rodrigo,es ESP,FWMF,Leeds United,32-023,1991,14.9,11,53,20,37.7,3.55,1.34,0.19,0.50,16.3,2,1,1,6.9,6.1,0.12,+4.1,+3.9,Matches,1fb1c435
423,Mads Roerslev,dk DEN,DF,Brentford,23-278,1999,10.4,0,3,0,0.0,0.29,0.00,0.00,,14.8,0,0,0,0.3,0.3,0.11,-0.3,-0.3,Matches,57c94db2
424,Cristian Romero,ar ARG,DF,Tottenham,24-336,1998,18.3,0,8,2,25.0,0.44,0.11,0.00,0.00,14.0,0,0,0,0.8,0.8,0.10,-0.8,-0.8,Matches,a3d94a58
425,Oriol Romeu,es ESP,MF,Southampton,31-186,1991,0.8,0,0,0,,0.00,0.00,,,,0,0,0,0.0,0.0,,0.0,0.0,Matches,4b511457
426,Cristiano Ronaldo,pt POR,FW,Manchester Utd,38-052,1985,5.8,1,25,6,24.0,4.29,1.03,0.04,0.17,17.7,1,0,0,1.9,1.9,0.08,-0.9,-0.9,Matches,dea698d9
427,Connor Ronan,ie IRL,MF,Wolves,25-023,1998,0.0,0,0,0,,0.00,0.00,,,,0,0,0,0.0,0.0,,0.0,0.0,Matches,1b804500
428,Salomón Rondón,ve VEN,FW,Everton,33-194,1989,1.2,0,4,1,25.0,3.30,0.83,0.00,0.00,19.3,0,0,0,0.8,0.8,0.20,-0.8,-0.8,Matches,b318a643
429,Joe Rothwell,eng ENG,MF,Bournemouth,28-077,1995,5.0,0,1,1,100.0,0.20,0.20,0.00,0.00,29.6,1,0,0,0.0,0.0,0.03,0.0,0.0,Matches,10a10454
430,Georginio Rutter,fr FRA,FWMF,Leeds United,20-343,2002,2.1,0,3,0,0.0,1.44,0.00,0.00,,13.8,0,0,0,0.3,0.3,0.10,-0.3,-0.3,Matches,c64c01fc
431,José Sá,pt POR,GK,Wolves,30-071,1993,28.0,0,0,0,,0.00,0.00,,,,0,0,0,0.0,0.0,,0.0,0.0,Matches,903b6e8b
432,Marcel Sabitzer,at AUT,MF,Manchester Utd,29-012,1994,3.1,0,3,1,33.3,0.98,0.33,0.00,0.00,21.7,0,0,0,0.2,0.2,0.07,-0.2,-0.2,Matches,e280527c
433,Allan Saint-Maximin,fr FRA,FW,Newcastle Utd,26-017,1997,9.6,1,22,7,31.8,2.28,0.73,0.05,0.14,17.3,0,0,0,1.3,1.3,0.06,-0.3,-0.3,Matches,2b16cb1a
434,Bukayo Saka,eng ENG,FW,Arsenal,21-205,2001,26.7,12,67,21,31.3,2.51,0.79,0.15,0.48,16.0,0,2,2,8.8,7.4,0.11,+3.2,+2.6,Matches,bc7dc64d
435,Mohamed Salah,eg EGY,FW,Liverpool,30-287,1992,25.7,11,79,33,41.8,3.07,1.28,0.14,0.33,15.1,2,0,1,12.8,12.0,0.15,-1.8,-1.0,Matches,e342ad68
436,William Saliba,fr FRA,DF,Arsenal,22-005,2001,26.8,2,6,3,50.0,0.22,0.11,0.33,0.67,13.8,0,0,0,0.9,0.9,0.15,+1.1,+1.1,Matches,972aeb2a
437,Mohammed Salisu,gh GHA,DF,Southampton,23-346,1999,21.9,0,19,4,21.1,0.87,0.18,0.00,0.00,12.2,0,0,0,1.5,1.5,0.08,-1.5,-1.5,Matches,0b33f6ad
438,Albert Sambi Lokonga,be BEL,MF,Arsenal,23-158,1999,2.2,0,0,0,,0.00,0.00,,,,0,0,0,0.0,0.0,,0.0,0.0,Matches,1b4f1169
439,Albert Sambi Lokonga,be BEL,MF,Crystal Palace,23-158,1999,5.2,0,0,0,,0.00,0.00,,,,0,0,0,0.0,0.0,,0.0,0.0,Matches,1b4f1169
440,Davinson Sánchez,co COL,DF,Tottenham,26-290,1996,6.4,0,4,2,50.0,0.63,0.31,0.00,0.00,13.0,0,0,0,0.3,0.3,0.08,-0.3,-0.3,Matches,da7b447d
441,Robert Sánchez,es ESP,GK,Brighton,25-131,1997,22.0,0,0,0,,0.00,0.00,,,,0,0,0,0.0,0.0,,0.0,0.0,Matches,6a713852
442,Jadon Sancho,eng ENG,FWMF,Manchester Utd,23-004,2000,10.3,4,11,6,54.5,1.07,0.59,0.36,0.67,14.4,0,0,0,2.6,2.6,0.24,+1.4,+1.4,Matches,dbf053da
443,Morgan Sanson,fr FRA,MF,Aston Villa,28-223,1994,0.1,0,0,0,,0.00,0.00,,,,0,0,0,0.0,0.0,,0.0,0.0,Matches,6e7f1353
444,Pablo Sarabia,es ESP,FWMF,Wolves,30-322,1992,5.7,1,14,5,35.7,2.45,0.87,0.07,0.20,12.2,1,0,0,2.7,2.7,0.19,-1.7,-1.7,Matches,9744ff80
445,Jeremy Sarmiento,ec ECU,MF,Brighton,20-286,2002,2.0,0,5,2,40.0,2.56,1.02,0.00,0.00,20.5,0,0,0,0.3,0.3,0.07,-0.3,-0.3,Matches,ac0d576d
446,Gianluca Scamacca,it ITA,FW,West Ham,24-087,1999,10.3,3,30,10,33.3,2.92,0.97,0.10,0.30,18.7,1,0,0,2.5,2.5,0.08,+0.5,+0.5,Matches,8790f988
447,Gustavo Scarpa,br BRA,MFFW,Nott'ham Forest,29-083,1994,1.8,0,6,1,16.7,3.35,0.56,0.00,0.00,25.6,0,0,0,0.2,0.2,0.04,-0.2,-0.2,Matches,2964fd20
448,Kevin Schade,de GER,FWMF,Brentford,21-122,2001,2.1,0,5,0,0.0,2.34,0.00,0.00,,10.6,0,0,0,0.5,0.5,0.11,-0.5,-0.5,Matches,52afb588
449,Fabian Schär,ch SUI,DF,Newcastle Utd,31-099,1991,23.8,1,36,10,27.8,1.51,0.42,0.03,0.10,14.1,2,0,0,3.2,3.2,0.09,-2.2,-2.2,Matches,c8aa95da
450,Jeffrey Schlupp,gh GHA,MFFW,Crystal Palace,30-096,1992,22.5,2,20,7,35.0,0.89,0.31,0.10,0.29,17.8,0,0,0,1.8,1.8,0.09,+0.2,+0.2,Matches,3312f911
451,Nélson Semedo,pt POR,DF,Wolves,29-133,1993,19.8,0,5,0,0.0,0.25,0.00,0.00,,19.7,0,0,0,0.3,0.3,0.05,-0.3,-0.3,Matches,d04b94db
452,Antoine Semenyo,gh GHA,FWMF,Bournemouth,23-081,2000,2.6,0,2,0,0.0,0.77,0.00,0.00,,18.1,0,0,0,0.2,0.2,0.10,-0.2,-0.2,Matches,efd2ec23
453,Marcos Senesi,ar ARG,DF,Bournemouth,25-323,1997,20.9,2,5,2,40.0,0.24,0.10,0.40,1.00,7.0,0,0,0,1.2,1.2,0.24,+0.8,+0.8,Matches,35141f4c
454,Ryan Sessegnon,eng ENG,DF,Tottenham,22-315,2000,9.0,2,18,6,33.3,1.99,0.66,0.11,0.33,14.6,0,0,0,1.6,1.6,0.09,+0.4,+0.4,Matches,6aa3e78b
455,Luke Shaw,eng ENG,DF,Manchester Utd,27-260,1995,20.5,1,10,4,40.0,0.49,0.20,0.10,0.25,17.3,1,0,0,0.9,0.9,0.09,+0.1,+0.1,Matches,9c94165b
456,Jonjo Shelvey,eng ENG,MF,Newcastle Utd,31-030,1992,0.4,0,0,0,,0.00,0.00,,,,0,0,0,0.0,0.0,,0.0,0.0,Matches,3727dd3c
457,Jonjo Shelvey,eng ENG,MF,Nott'ham Forest,31-030,1992,4.9,0,5,0,0.0,1.02,0.00,0.00,,24.6,0,0,0,0.1,0.1,0.03,-0.1,-0.1,Matches,3727dd3c
458,Bernardo Silva,pt POR,MFFW,Manchester City,28-231,1994,19.8,4,21,7,33.3,1.06,0.35,0.19,0.57,18.5,0,0,0,1.6,1.6,0.08,+2.4,+2.4,Matches,3eb22ec9
459,Thiago Silva,br BRA,DF,Chelsea,38-188,1984,20.1,0,10,1,10.0,0.50,0.05,0.00,0.00,11.9,0,0,0,1.0,1.0,0.10,-1.0,-1.0,Matches,86e7deaf
460,Ellis Simms,eng ENG,FW,Everton,22-083,2001,1.3,1,4,1,25.0,3.16,0.79,0.25,1.00,17.6,0,0,0,0.5,0.5,0.11,+0.5,+0.5,Matches,26d3b5be
461,Luis Sinisterra,co COL,FW,Leeds United,23-285,1999,6.0,2,13,5,38.5,2.17,0.84,0.15,0.40,17.3,0,0,0,1.8,1.8,0.14,+0.2,+0.2,Matches,8e16dd48
462,Oliver Skipp,eng ENG,MF,Tottenham,22-194,2000,7.2,1,6,2,33.3,0.84,0.28,0.17,0.50,22.7,0,0,0,0.2,0.2,0.04,+0.8,+0.8,Matches,6250083a
463,Adam Smith,eng ENG,DF,Bournemouth,31-334,1991,24.4,0,4,1,25.0,0.16,0.04,0.00,0.00,14.0,0,0,0,0.5,0.5,0.12,-0.5,-0.5,Matches,20b104bc
464,Emile Smith Rowe,eng ENG,FWMF,Arsenal,22-244,2000,1.3,0,4,1,25.0,3.10,0.78,0.00,0.00,15.8,0,0,0,0.3,0.3,0.07,-0.3,-0.3,Matches,17695062
465,Cédric Soares,pt POR,DF,Arsenal,31-210,1991,0.3,0,0,0,,0.00,0.00,,,,0,0,0,0.0,0.0,,0.0,0.0,Matches,839c14e1
466,Cédric Soares,pt POR,DF,Fulham,31-210,1991,0.1,0,0,0,,0.00,0.00,,,,0,0,0,0.0,0.0,,0.0,0.0,Matches,839c14e1
467,Dominic Solanke,eng ENG,FWMF,Bournemouth,25-196,1997,20.9,3,47,18,38.3,2.25,0.86,0.06,0.17,13.6,0,0,0,4.4,4.4,0.10,-1.4,-1.4,Matches,e77dc3b2
468,Manor Solomon,il ISR,FW,Fulham,23-248,1999,3.1,4,6,5,83.3,1.92,1.60,0.67,0.80,17.2,0,0,0,1.0,1.0,0.17,+3.0,+3.0,Matches,886f9aac
469,Tomáš Souček,cz CZE,MF,West Ham,28-030,1995,22.2,1,22,7,31.8,0.99,0.32,0.05,0.14,11.0,0,0,0,2.9,2.9,0.13,-1.9,-1.9,Matches,6613c819
470,Boubakary Soumaré,fr FRA,MF,Leicester City,24-030,1999,10.3,0,1,0,0.0,0.10,0.00,0.00,,28.0,0,0,0,0.0,0.0,0.03,0.0,0.0,Matches,ae59b359
471,Harry Souttar,au AUS,DF,Leicester City,24-158,1998,7.0,0,5,0,0.0,0.71,0.00,0.00,,10.2,0,0,0,1.1,1.1,0.22,-1.1,-1.1,Matches,0a6cb1b1
472,Çağlar Söyüncü,tr TUR,DF,Leicester City,26-310,1996,0.9,0,0,0,,0.00,0.00,,,,0,0,0,0.0,0.0,,0.0,0.0,Matches,21166ff4
473,Djed Spence,eng ENG,FWDF,Tottenham,22-232,2000,0.1,0,1,0,0.0,12.86,0.00,0.00,,8.9,0,0,0,0.1,0.1,0.06,-0.1,-0.1,Matches,9bc9a519
474,Jack Stacey,eng ENG,DF,Bournemouth,26-357,1996,3.3,0,1,0,0.0,0.30,0.00,0.00,,16.0,0,0,0,0.1,0.1,0.09,-0.1,-0.1,Matches,558807c0
475,Junior Stanislas,eng ENG,MF,Bournemouth,33-123,1989,0.7,0,1,0,0.0,1.48,0.00,0.00,,24.5,0,0,0,0.0,0.0,0.04,0.0,0.0,Matches,6992791d
476,Jay Stansfield,eng ENG,FW,Fulham,20-125,2002,1.0,0,2,0,0.0,2.07,0.00,0.00,,13.9,0,0,0,0.3,0.3,0.13,-0.3,-0.3,Matches,b2626673
477,Jason Steele,eng ENG,GK,Brighton,32-223,1990,3.0,0,0,0,,0.00,0.00,,,,0,0,0,0.0,0.0,,0.0,0.0,Matches,28300a16
478,Jack Stephens,eng ENG,DF,Southampton,29-061,1994,0.5,0,0,0,,0.00,0.00,,,,0,0,0,0.0,0.0,,0.0,0.0,Matches,6adbc307
479,Jack Stephens,eng ENG,DF,Bournemouth,29-061,1994,8.0,0,0,0,,0.00,0.00,,,,0,0,0,0.0,0.0,,0.0,0.0,Matches,6adbc307
480,Raheem Sterling,eng ENG,FWMF,Chelsea,28-111,1994,14.9,4,28,11,39.3,1.88,0.74,0.14,0.36,12.4,0,0,0,4.5,4.5,0.17,-0.5,-0.5,Matches,b400bde0
481,John Stones,eng ENG,DF,Manchester City,28-305,1994,14.1,0,7,1,14.3,0.50,0.07,0.00,0.00,13.0,0,0,0,0.6,0.6,0.08,-0.6,-0.6,Matches,5eecec3d
482,Pascal Struijk,nl NED,DF,Leeds United,23-230,1999,18.7,2,13,6,46.2,0.69,0.32,0.15,0.33,12.4,0,0,0,1.2,1.2,0.09,+0.8,+0.8,Matches,f4d296e4
483,Kamaldeen Sulemana,gh GHA,FWMF,Southampton,21-042,2002,5.8,0,13,3,23.1,2.25,0.52,0.00,0.00,19.9,0,0,0,0.6,0.6,0.05,-0.6,-0.6,Matches,a62f8bf1
484,Crysencio Summerville,nl NED,FW,Leeds United,21-150,2001,11.3,4,21,8,38.1,1.86,0.71,0.19,0.50,14.7,0,0,0,2.4,2.4,0.11,+1.6,+1.6,Matches,df04eb4b
485,Sam Surridge,eng ENG,FW,Nott'ham Forest,24-244,1998,3.1,1,9,2,22.2,2.88,0.64,0.11,0.50,11.6,0,0,0,1.8,1.8,0.20,-0.8,-0.8,Matches,b017b770
486,Japhet Tanganga,eng ENG,DF,Tottenham,23-363,1999,1.6,0,0,0,,0.00,0.00,,,,0,0,0,0.0,0.0,,0.0,0.0,Matches,e9971f2d
487,Matt Targett,eng ENG,DF,Newcastle Utd,27-192,1995,4.8,0,1,0,0.0,0.21,0.00,0.00,,25.8,0,0,0,0.0,0.0,0.01,0.0,0.0,Matches,e514ab62
488,James Tarkowski,eng ENG,DF,Everton,30-130,1992,28.0,1,21,7,33.3,0.75,0.25,0.05,0.14,8.8,0,0,0,1.9,1.9,0.09,-0.9,-0.9,Matches,15ea812b
489,Marcus Tavernier,eng ENG,MFFW,Bournemouth,24-007,1999,15.2,3,27,10,37.0,1.78,0.66,0.11,0.30,16.9,2,0,0,2.5,2.5,0.09,+0.5,+0.5,Matches,5c0da4a4
490,Tetê,br BRA,FW,Leicester City,23-042,2000,5.0,1,11,1,9.1,2.20,0.20,0.09,1.00,19.7,0,0,0,1.3,1.3,0.11,-0.3,-0.3,Matches,7120a04d
491,Kenny Tete,nl NED,DF,Fulham,27-171,1995,19.6,0,10,3,30.0,0.51,0.15,0.00,0.00,19.5,0,0,0,0.4,0.4,0.04,-0.4,-0.4,Matches,77d7c96f
492,Luke Thomas,eng ENG,DF,Leicester City,21-292,2001,7.7,0,2,0,0.0,0.26,0.00,0.00,,11.5,0,0,0,0.1,0.1,0.03,-0.1,-0.1,Matches,fc027d02
493,Youri Tielemans,be BEL,MF,Leicester City,25-326,1997,19.0,3,22,7,31.8,1.16,0.37,0.09,0.29,27.6,1,1,2,2.3,0.7,0.03,+0.7,+1.3,Matches,56f7a928
494,Kieran Tierney,sct SCO,DF,Arsenal,25-297,1997,5.8,0,5,2,40.0,0.86,0.34,0.00,0.00,25.2,0,0,0,0.3,0.3,0.05,-0.3,-0.3,Matches,fce2302c
495,Harry Toffolo,eng ENG,DF,Nott'ham Forest,27-222,1995,7.1,0,4,1,25.0,0.56,0.14,0.00,0.00,17.3,0,0,0,0.2,0.2,0.05,-0.2,-0.2,Matches,a105d46a
496,Takehiro Tomiyasu,jp JPN,DF,Arsenal,24-144,1998,7.4,0,3,0,0.0,0.41,0.00,0.00,,12.1,0,0,0,0.2,0.2,0.07,-0.2,-0.2,Matches,b3af9be1
497,James Tomkins,eng ENG,DF,Crystal Palace,34-000,1989,3.7,1,3,2,66.7,0.80,0.53,0.33,0.50,12.7,0,0,0,1.0,1.0,0.34,0.0,0.0,Matches,e7ca0439
498,Ivan Toney,eng ENG,FW,Brentford,27-013,1996,24.9,16,67,25,37.3,2.69,1.00,0.16,0.44,16.1,7,5,5,14.9,10.9,0.16,+1.1,+0.1,Matches,e09f279b
499,Adama Traoré,es ESP,FWMF,Wolves,27-063,1996,13.1,2,15,5,33.3,1.15,0.38,0.13,0.40,14.9,0,0,0,1.2,1.2,0.08,+0.8,+0.8,Matches,9a28eba4
500,Bertrand Traoré,bf BFA,FW,Aston Villa,27-204,1995,0.6,0,3,0,0.0,5.09,0.00,0.00,,16.6,0,0,0,0.2,0.2,0.06,-0.2,-0.2,Matches,c47541e0
501,Boubacar Traoré,ml MLI,MF,Wolves,21-221,2001,4.3,0,3,0,0.0,0.70,0.00,0.00,,29.3,0,0,0,0.1,0.1,0.02,-0.1,-0.1,Matches,999ceb5f
502,Mark Travers,ie IRL,GK,Bournemouth,23-315,1999,10.5,0,0,0,,0.00,0.00,,,,0,0,0,0.0,0.0,,0.0,0.0,Matches,fe558029
503,Kieran Trippier,eng ENG,DF,Newcastle Utd,32-191,1990,25.4,1,12,4,33.3,0.47,0.16,0.08,0.25,28.2,11,0,0,0.7,0.7,0.06,+0.3,+0.3,Matches,21512407
504,Leandro Trossard,be BEL,FW,Arsenal,28-115,1994,5.0,1,10,3,30.0,1.99,0.60,0.10,0.33,16.4,0,0,0,1.4,1.4,0.14,-0.4,-0.4,Matches,38ceb24a
505,Leandro Trossard,be BEL,FWMF,Brighton,28-115,1994,14.6,7,38,17,44.7,2.60,1.16,0.18,0.41,15.0,0,0,0,4.4,4.4,0.12,+2.6,+2.6,Matches,38ceb24a
506,Kostas Tsimikas,gr GRE,DF,Liverpool,26-321,1996,6.0,0,7,2,28.6,1.18,0.34,0.00,0.00,15.5,0,0,0,0.6,0.6,0.09,-0.6,-0.6,Matches,f315ca93
507,Deniz Undav,de GER,FWMF,Brighton,26-253,1996,2.8,0,13,4,30.8,4.70,1.45,0.00,0.00,10.5,0,0,0,1.9,1.9,0.17,-1.9,-1.9,Matches,dd549382
508,Yan Valery,tn TUN,DF,Southampton,24-035,1999,0.5,0,0,0,,0.00,0.00,,,,0,0,0,0.0,0.0,,0.0,0.0,Matches,531a4aa8
509,Virgil van Dijk,nl NED,DF,Liverpool,31-264,1991,21.5,3,23,8,34.8,1.07,0.37,0.13,0.38,11.6,0,0,0,2.2,2.2,0.10,+0.8,+0.8,Matches,e06683ca
510,Raphaël Varane,fr FRA,DF,Manchester Utd,29-338,1993,16.4,0,6,3,50.0,0.37,0.18,0.00,0.00,8.6,0,0,0,0.7,0.7,0.12,-0.7,-0.7,Matches,9f8e9423
511,Jamie Vardy,eng ENG,FW,Leicester City,36-077,1987,14.3,1,17,7,41.2,1.19,0.49,0.06,0.14,12.2,0,0,0,2.7,2.7,0.16,-1.7,-1.7,Matches,45963054
512,Joël Veltman,nl NED,DF,Brighton,31-073,1992,19.1,1,9,2,22.2,0.47,0.10,0.11,0.50,15.6,0,0,0,1.5,1.5,0.16,-0.5,-0.5,Matches,dad4b285
513,Fabio Vieira,pt POR,MFFW,Arsenal,22-303,2000,4.6,1,13,2,15.4,2.85,0.44,0.08,0.50,19.8,0,0,0,0.7,0.7,0.06,+0.3,+0.3,Matches,6412cc03
514,Matías Viña,uy URU,MFDF,Bournemouth,25-140,1997,0.2,0,0,0,,0.00,0.00,,,,0,0,0,0.0,0.0,,0.0,0.0,Matches,08eb3b58
515,Rúben Vinagre,pt POR,DFMF,Everton,23-354,1999,0.3,0,0,0,,0.00,0.00,,,,0,0,0,0.0,0.0,,0.0,0.0,Matches,b937e490
516,Carlos Vinícius,br BRA,FW,Fulham,28-004,1995,6.2,2,11,7,63.6,1.76,1.12,0.18,0.29,11.3,0,0,0,1.5,1.5,0.13,+0.5,+0.5,Matches,8b529245
517,Theo Walcott,eng ENG,FWMF,Southampton,34-013,1989,5.2,1,10,4,40.0,1.92,0.77,0.10,0.25,17.1,0,0,0,1.2,1.2,0.12,-0.2,-0.2,Matches,1ecb65be
518,Kyle Walker,eng ENG,DF,Manchester City,32-305,1990,13.0,0,3,1,33.3,0.23,0.08,0.00,0.00,24.7,0,0,0,0.4,0.4,0.12,-0.4,-0.4,Matches,86dd77d1
519,Kyle Walker-Peters,eng ENG,DF,Southampton,25-350,1997,19.4,1,9,3,33.3,0.46,0.15,0.11,0.33,17.8,0,0,0,0.8,0.8,0.09,+0.2,+0.2,Matches,984a5a64
520,Aaron Wan-Bissaka,eng ENG,DF,Manchester Utd,25-123,1997,8.2,0,2,0,0.0,0.24,0.00,0.00,,24.9,0,0,0,0.1,0.1,0.03,-0.1,-0.1,Matches,9e525177
521,Danny Ward,wls WAL,GK,Leicester City,29-280,1993,26.0,0,0,0,,0.00,0.00,,,,0,0,0,0.0,0.0,,0.0,0.0,Matches,d3ce0e89
522,Joel Ward,eng ENG,DF,Crystal Palace,33-151,1989,15.6,0,1,0,0.0,0.06,0.00,0.00,,16.3,0,0,0,0.0,0.0,0.03,0.0,0.0,Matches,8a7ff278
523,James Ward-Prowse,eng ENG,MF,Southampton,28-148,1994,28.0,7,36,13,36.1,1.29,0.46,0.17,0.46,27.4,15,1,3,4.8,2.3,0.06,+2.2,+3.7,Matches,3515d404
524,Ollie Watkins,eng ENG,FW,Aston Villa,27-089,1995,23.8,9,57,31,54.4,2.39,1.30,0.14,0.26,12.2,0,1,1,10.3,9.5,0.17,-1.3,-1.5,Matches,aed3a70f
525,Adam Webster,eng ENG,DF,Brighton,28-084,1995,16.6,0,15,1,6.7,0.90,0.06,0.00,0.00,11.3,0,0,0,1.6,1.6,0.10,-1.6,-1.6,Matches,c40b6180
526,Wout Weghorst,nl NED,FWMF,Manchester Utd,30-234,1992,6.2,0,9,3,33.3,1.46,0.49,0.00,0.00,12.3,0,0,0,1.3,1.3,0.14,-1.3,-1.3,Matches,c4e87b8b
527,Danny Welbeck,eng ENG,FW,Brighton,32-123,1990,14.0,2,36,14,38.9,2.58,1.00,0.06,0.14,13.8,0,0,0,5.4,5.4,0.15,-3.4,-3.4,Matches,ce5143da
528,Ben White,eng ENG,DF,Arsenal,25-172,1997,23.9,1,7,1,14.3,0.29,0.04,0.14,1.00,19.7,0,0,0,0.4,0.4,0.06,+0.6,+0.6,Matches,35e413f1
529,Harvey White,eng ENG,MF,Tottenham,21-191,2001,0.1,0,0,0,,0.00,0.00,,,,0,0,0,0.0,0.0,,0.0,0.0,Matches,4d90ce8c
530,Joseph Whitworth,eng ENG,GK,Crystal Palace,19-028,2004,2.0,0,0,0,,0.00,0.00,,,,0,0,0,0.0,0.0,,0.0,0.0,Matches,3f847d95
531,Neco Williams,wls WAL,DF,Nott'ham Forest,21-350,2001,15.2,0,21,5,23.8,1.38,0.33,0.00,0.00,22.0,2,0,0,1.0,1.0,0.05,-1.0,-1.0,Matches,dd323728
532,Willian,br BRA,FW,Fulham,34-232,1988,16.2,3,24,11,45.8,1.48,0.68,0.13,0.27,16.4,0,0,0,2.5,2.5,0.10,+0.5,+0.5,Matches,8b9ebd03
533,Joe Willock,eng ENG,MF,Newcastle Utd,23-221,1999,20.1,2,37,11,29.7,1.84,0.55,0.05,0.18,17.3,0,0,0,3.8,3.8,0.10,-1.8,-1.8,Matches,a3b03921
534,Callum Wilson,eng ENG,FW,Newcastle Utd,31-030,1992,13.8,7,43,18,41.9,3.12,1.31,0.14,0.33,12.2,0,1,1,8.5,7.7,0.18,-1.5,-1.7,Matches,c596fcb0
535,Harry Wilson,wls WAL,FW,Fulham,26-007,1997,5.0,0,9,1,11.1,1.79,0.20,0.00,0.00,15.2,0,0,0,1.1,1.1,0.12,-1.1,-1.1,Matches,c6dc9ecd
536,Yoane Wissa,cd COD,FW,Brentford,26-207,1996,13.1,5,24,10,41.7,1.83,0.76,0.21,0.50,14.7,0,0,0,3.9,3.9,0.16,+1.1,+1.1,Matches,2500cef9
537,Maximilian Wöber,at AUT,DF,Leeds United,25-053,1998,8.8,0,7,1,14.3,0.80,0.11,0.00,0.00,14.0,1,0,0,0.6,0.6,0.08,-0.6,-0.6,Matches,4b803b3c
538,Chris Wood,nz NZL,FW,Newcastle Utd,31-112,1991,5.0,2,8,3,37.5,1.61,0.61,0.13,0.33,14.7,0,1,1,1.8,1.0,0.13,+0.2,0.0,Matches,4e9a0555
539,Chris Wood,nz NZL,FW,Nott'ham Forest,31-112,1991,4.1,1,3,1,33.3,0.73,0.24,0.33,1.00,8.2,0,0,0,1.0,1.0,0.32,0.0,0.0,Matches,4e9a0555
540,Joe Worrall,eng ENG,DF,Nott'ham Forest,26-078,1997,17.9,1,5,1,20.0,0.28,0.06,0.20,1.00,12.7,0,0,0,0.5,0.5,0.11,+0.5,+0.5,Matches,a5212312
541,Granit Xhaka,ch SUI,MF,Arsenal,30-183,1992,25.5,4,29,7,24.1,1.14,0.27,0.14,0.57,18.1,3,0,0,2.8,2.8,0.10,+1.2,+1.2,Matches,e61b8aee
542,Ryan Yates,eng ENG,MF,Nott'ham Forest,25-128,1997,16.6,0,25,5,20.0,1.51,0.30,0.00,0.00,16.9,0,0,0,2.2,2.2,0.09,-2.2,-2.2,Matches,c1fe2a48
543,Ashley Young,eng ENG,DF,Aston Villa,37-263,1985,14.2,1,8,2,25.0,0.56,0.14,0.13,0.50,27.2,0,0,0,0.2,0.2,0.03,+0.8,+0.8,Matches,be927d03
544,Wilfried Zaha,ci CIV,FWMF,Crystal Palace,30-139,1992,22.5,6,49,19,38.8,2.18,0.85,0.12,0.32,17.4,0,0,2,5.5,3.8,0.08,+0.5,+2.2,Matches,b2bc3b1f
545,Denis Zakaria,ch SUI,MF,Chelsea,26-129,1996,3.8,0,2,0,0.0,0.53,0.00,0.00,,16.9,0,0,0,0.2,0.2,0.09,-0.2,-0.2,Matches,384d58d9
546,Jordan Zemura,zw ZIM,DF,Bournemouth,23-135,1999,16.2,0,4,0,0.0,0.25,0.00,0.00,,12.9,0,0,0,0.4,0.4,0.10,-0.4,-0.4,Matches,e8271ad9
547,Oleksandr Zinchenko,ua UKR,DF,Arsenal,26-104,1996,18.4,1,23,6,26.1,1.25,0.33,0.04,0.17,22.3,0,0,0,1.2,1.2,0.05,-0.2,-0.2,Matches,51cf8561
548,Hakim Ziyech,ma MAR,FWMF,Chelsea,30-010,1993,6.4,0,13,2,15.4,2.05,0.31,0.00,0.00,21.0,0,0,0,0.6,0.6,0.04,-0.6,-0.6,Matches,6622454d
549,Kurt Zouma,fr FRA,DF,West Ham,28-153,1994,15.4,1,12,3,25.0,0.78,0.19,0.08,0.33,10.7,0,0,0,1.3,1.3,0.11,-0.3,-0.3,Matches,ce4246f5
550,Martin Ødegaard,no NOR,MF,Arsenal,24-102,1998,25.6,10,76,22,28.9,2.97,0.86,0.13,0.45,19.5,8,0,0,8.1,8.1,0.11,+1.9,+1.9,Matches,79300479